categoria,marca,modelo,versao,motor,tipo_propulsao,transmissao,combustivel,nmog_nox_mg_km,co_mg_km,nota_verde_l8,co2_fossil_g_km,consumo_mj_km,classificacao_pbe,co_excesso_pct,nmog_excesso_pct,viola_l8
Sub Compacto,BYD,DOLPHIN MINI,GS EV,Elétrico,Elétrico,N.A.,E,0.0,0.0,A,0.0,0.41,A,0.0,0.0,False
Sub Compacto,BYD,DOLPHIN MINI,GS 5 EV,Elétrico,Elétrico,N.A.,E,0.0,0.0,A,0.0,0.41,A,0.0,0.0,False
Sub Compacto,BYD,DOLPHIN MINI,GL5EV,Elétrico,Elétrico,A-1,E,,,A,,0.39,A,,,False
Sub Compacto,FIAT,500E,ICON,ELÉTRICO,Elétrico,A-1,E,,,A,,0.46,C,,,False
Sub Compacto,FIAT,MOBI,TREKKING,1.0-6V,Combustão,M-5,F,38.0,280.0,B,91.0,1.46,E,0.0,0.0,False
Sub Compacto,FIAT,MOBI,LIKE,1.0-6V,Combustão,M-5,F,37.0,348.0,B,87.0,1.4,E,0.0,0.0,False
Sub Compacto,JAC,e-JS1,e-JS1,Elétrico,Elétrico,A-1,E,,,A,,0.5,E,,,False
Sub Compacto,JAC,e-JS1,e-JS1 EXT,Elétrico,Elétrico,A-1,E,,,A,,0.5,E,,,False
Sub Compacto,Renault,E-KWID,INTENS,Elétrico,Elétrico,A,E,,,A,,0.44,B,,,False
Compacto,FIAT,ARGO,1.0,1.0-6V,Combustão,M-5,F,32.0,390.0,B,94.0,1.52,C,0.0,0.0,False
Compacto,FIAT,ARGO,DRIVE 1.0,1.0-6V,Combustão,M-5,F,32.0,390.0,B,94.0,1.52,C,0.0,0.0,False
Compacto,FIAT,ARGO,DRIVE 1.3 AT,1.3-8V,Combustão,CVT-7,F,37.0,297.0,B,99.0,1.58,C,0.0,0.0,False
Compacto,Hyundai,HB20,Sense,1.0-12V,Combustão,M-5,F,31.0,204.0,A,93.0,1.48,B,0.0,0.0,False
Compacto,Hyundai,HB20,Comfort,1.0-12V,Combustão,M-5,F,31.0,204.0,A,93.0,1.48,B,0.0,0.0,False
Compacto,Hyundai,HB20,Limited,1.0-12V,Combustão,M-5,F,31.0,204.0,A,93.0,1.48,B,0.0,0.0,False
Compacto,Hyundai,HB20,Limited,1.0-12V T,Combustão,A-6,F,32.0,94.0,B,95.0,1.54,C,0.0,0.0,False
Compacto,Hyundai,HB20,Platinum,1.0-12V T,Combustão,A-6,F,32.0,94.0,B,95.0,1.54,C,0.0,0.0,False
Compacto,MINI,Cooper,E,Elétrico,Elétrico,A,E,0.0,0.0,A,0.0,0.46,A,0.0,0.0,False
Compacto,MINI,Cooper,SE,Elétrico,Elétrico,A,E,0.0,0.0,A,0.0,0.48,A,0.0,0.0,False
Compacto,MINI,JCW,3P,2.0 - 16V,Combustão,A-7,G,5.0,84.0,A,112.0,1.81,E,0.0,0.0,False
Compacto,MINI,Cooper,S CABRIO,2.0 - 16V,Combustão,A-7,G,6.0,77.0,A,107.0,1.73,D,0.0,0.0,False
Compacto,MINI,JCW,CABRIO,2.0 - 16V,Combustão,A-7,G,7.0,102.0,A,121.0,1.95,E,0.0,0.0,False
Compacto,MINI,JCW-E,3P,Elétrico,Elétrico,A,E,0.0,0.0,A,0.0,0.48,A,0.0,0.0,False
Compacto,MINI,Cooper,S 3P EXCLUSIVE,2.0 - 16V,Combustão,A-7,G,9.0,129.0,A,106.0,1.72,D,0.0,0.0,False
Compacto,MINI,Cooper,S 3P SPORT,2.0 - 16V,Combustão,A-7,G,9.0,129.0,A,106.0,1.72,D,0.0,0.0,False
Compacto,MINI,Cooper,S 3P TOP,2.0 - 16V,Combustão,A-7,G,9.0,129.0,A,106.0,1.72,D,0.0,0.0,False
Compacto,PEUGEOT,208,ACTIVE MT,1.0-6V,Combustão,M-5,F,40.0,413.0,B,92.0,1.49,B,0.0,0.0,False
Compacto,PEUGEOT,208,STYLE MT,1.0-6V,Combustão,M-5,F,40.0,413.0,B,92.0,1.49,B,0.0,0.0,False
Compacto,PEUGEOT,208,ALLUR T200,1.0T-12V,Combustão,CVT-7,F,31.0,339.0,B,104.0,1.69,D,0.0,0.0,False
Compacto,PEUGEOT,208,GT T200,1.0T-12V,Combustão,CVT-7,F,31.0,339.0,B,104.0,1.69,D,0.0,0.0,False
Compacto,PEUGEOT,208,GT HYBRID,1.0T-12V,Híbrido,CVT-7,F,48.0,372.0,B,99.0,1.6,C,0.0,0.0,False
Compacto,PEUGEOT,E-208,GT,ELÉTRICO,Elétrico,A-1,E,,,A,,0.59,A,,,False
Médio,AUDI,A3 Spotback,Peformance,2.0 - 16V,Combustão,DCT-7,G,12.0,113.0,A,122.0,1.96,E,0.0,0.0,False
Médio,AUDI,A3 Spotback,Performance Black,2.0 - 16V,Combustão,DCT-7,G,12.0,113.0,A,122.0,1.96,E,0.0,0.0,False
Médio,BYD,DOLPHIN,GS 180EV,Elétrico,Elétrico,N.A.,E,0.0,0.0,A,0.0,0.42,A,0.0,0.0,False
Médio,BYD,DOLPHIN,PLUS 310EV,Elétrico,Elétrico,N.A.,E,0.0,0.0,A,0.0,0.51,A,0.0,0.0,False
Médio,BYD,YUAN PRO,GS 290EV,Elétrico,Elétrico,N.A.,E,0.0,0.0,A,0.0,0.51,A,0.0,0.0,False
Médio,CAOA CHERY,TIGGO 7,PHEV,1.5T -16V,Plug-in,DHT,G,7.0,52.0,A,110.0,0.62,A,0.0,0.0,False
Médio,CHEVROLET,ONIX,LTZ,1.0T - 12V,Combustão,A-6,F,44.0,162.0,B,99.0,1.59,C,0.0,0.0,False
Médio,CHEVROLET,ONIX,PREMIER,1.0T - 12V,Combustão,A-6,F,44.0,162.0,B,99.0,1.59,C,0.0,0.0,False
Médio,CHEVROLET,ONIX,RS,1.0T - 12V,Combustão,A-6,F,48.0,199.0,B,104.0,1.68,C,0.0,0.0,False
Médio,CHEVROLET,ONIX,MT,1.0T - 12V,Combustão,M-6,F,41.0,211.0,B,87.0,1.38,A,0.0,0.0,False
Médio,CHEVROLET,ONIX,LT,1.0T - 12V,Combustão,A-6,F,44.0,162.0,B,99.0,1.59,C,0.0,0.0,False
Médio,CHEVROLET,ONIX,MT,1.0 - 12 V,Combustão,M-6,F,37.0,183.0,B,90.0,1.45,B,0.0,0.0,False
Médio,CHEVROLET,ONIX,AT,1.0T - 12V,Combustão,A-6,F,44.0,162.0,B,99.0,1.59,C,0.0,0.0,False
Médio,CHEVROLET,ONIX PLUS,LTZ,1.0T - 12V,Combustão,A-6,F,46.0,203.0,B,97.0,1.57,C,0.0,0.0,False
Médio,CHEVROLET,ONIX PLUS,PREMIER,1.0T - 12V,Combustão,A-6,F,46.0,203.0,B,97.0,1.57,C,0.0,0.0,False
Médio,CHEVROLET,ONIX PLUS,MT,1.0T - 12V,Combustão,M-6,F,38.0,189.0,B,90.0,1.44,B,0.0,0.0,False
Médio,CHEVROLET,ONIX PLUS,LT,1.0T - 12V,Combustão,A-6,F,46.0,203.0,B,97.0,1.57,C,0.0,0.0,False
Médio,CHEVROLET,ONIX PLUS,MT,1.0 - 12 V,Combustão,M-6,F,36.0,234.0,B,87.0,1.39,A,0.0,0.0,False
Médio,CHEVROLET,ONIX PLUS,AT,1.0T - 12V,Combustão,A-6,F,46.0,203.0,B,97.0,1.57,C,0.0,0.0,False
Médio,CHEVROLET,SPARK EUV,ACTIV,Elétrico,Elétrico,Automática (A),E,,,A,,0.5,A,,,False
Médio,CHEVROLET,SPIN,AT,1.8L - 8V,Combustão,A-6,F,46.0,800.0,C,119.0,1.92,E,14.29,0.0,True
Médio,CHEVROLET,SPIN,LT,1.8L - 8V,Combustão,M-6,F,62.0,611.0,C,115.0,1.85,D,0.0,3.33,True
Médio,CHEVROLET,SPIN,LT,1.8L - 8V,Combustão,A-6,F,46.0,800.0,C,119.0,1.92,E,14.29,0.0,True
Médio,FIAT,CRONOS,1.0,1.0-6V,Combustão,M-5,F,36.0,445.0,B,92.0,1.46,B,0.0,0.0,False
Médio,FIAT,CRONOS,DRIVE 1.0,1.0-6V,Combustão,M-5,F,36.0,445.0,B,92.0,1.46,B,0.0,0.0,False
Médio,FIAT,CRONOS,DRIVE1.3AT,1.3-8V,Combustão,CVT-7,F,42.0,216.0,B,99.0,1.57,C,0.0,0.0,False
Médio,FIAT,CRONOS,PREC 1.3AT,1.3-8V,Combustão,CVT-7,F,42.0,216.0,B,99.0,1.57,C,0.0,0.0,False
Médio,FIAT,CRONOS,DRIVE 1.3,1.3-8V,Combustão,M-5,F,32.0,394.0,B,92.0,1.49,B,0.0,0.0,False
Médio,Geely,EX2,MAX,Elétrico,Elétrico,A,E,,,A,,0.39,A,,,False
Médio,Geely,EX2,PRO,Elétrico,Elétrico,A,E,,,A,,0.39,A,,,False
Médio,GWM,ORA 03,GT BEV63,Elétrico,Elétrico,A-1,E,,,A,,0.54,A,,,False
Médio,GWM,ORA 03,SKIN BEV48,Elétrico,Elétrico,A-1,E,,,A,,0.52,A,,,False
Médio,GWM,ORA 03,BEV58,Elétrico,Elétrico,A-1,E,,,A,,0.51,A,,,False
Médio,HONDA,CITY,LX,1.5-16V,Combustão,CVT,F,20.0,202.0,A,95.0,1.53,C,0.0,0.0,False
Médio,HONDA,CITY,EX,1.5-16V,Combustão,CVT,F,20.0,202.0,A,95.0,1.53,C,0.0,0.0,False
Médio,HONDA,CITY,EXL,1.5-16V,Combustão,CVT,F,20.0,202.0,A,95.0,1.53,C,0.0,0.0,False
Médio,HONDA,CITY,TOURING,1.5-16V,Combustão,CVT,F,20.0,202.0,A,95.0,1.53,C,0.0,0.0,False
Médio,HONDA,CITY HATCH,LX,1.5-16V,Combustão,CVT,F,23.0,150.0,A,95.0,1.53,C,0.0,0.0,False
Médio,HONDA,CITY HATCH,EX,1.5-16V,Combustão,CVT,F,23.0,150.0,A,95.0,1.53,C,0.0,0.0,False
Médio,HONDA,CITY HATCH,EXL,1.5-16V,Combustão,CVT,F,23.0,150.0,A,95.0,1.53,C,0.0,0.0,False
Médio,HONDA,CITY HATCH,TOURING,1.5-16V,Combustão,CVT,F,23.0,150.0,A,95.0,1.53,C,0.0,0.0,False
Médio,HONDA,CITY HATCH,TOURING SPORT,1.5-16V,Combustão,CVT,F,23.0,150.0,A,95.0,1.53,C,0.0,0.0,False
Médio,HONDA,HR-V,EX,1.5-16V,Combustão,CVT,F,21.0,183.0,A,101.0,1.63,C,0.0,0.0,False
Médio,HONDA,HR-V,EXL,1.5-16V,Combustão,CVT,F,21.0,183.0,A,101.0,1.63,C,0.0,0.0,False
Médio,HONDA,HR-V,ADVANCE,1.5T-16V,Combustão,CVT,F,31.0,177.0,A,111.0,1.78,D,0.0,0.0,False
Médio,HONDA,HR-V,TOURING,1.5T-16V,Combustão,CVT,F,31.0,177.0,A,111.0,1.78,D,0.0,0.0,False
Médio,HONDA,HR-V (mod. 26),ADVANCE,1.5T-16V,Combustão,CVT,F,31.0,164.0,B,111.0,1.78,D,0.0,0.0,False
Médio,HONDA,HR-V (mod. 26),TOURING,1.5T-16V,Combustão,CVT,F,31.0,164.0,B,111.0,1.78,D,0.0,0.0,False
Médio,Hyundai,HB20S,Comfort,1.0-12V,Combustão,M-5,F,32.0,256.0,B,92.0,1.47,B,0.0,0.0,False
Médio,Hyundai,HB20S,Limited,1.0-12V,Combustão,M-5,F,32.0,256.0,B,92.0,1.47,B,0.0,0.0,False
Médio,Hyundai,HB20S,Limited,1.0-12V T,Combustão,A-6,F,33.0,103.0,B,95.0,1.53,C,0.0,0.0,False
Médio,Hyundai,HB20S,Platinum,1.0-12V T,Combustão,A-6,F,33.0,103.0,B,95.0,1.53,C,0.0,0.0,False
Médio,Hyundai,KONA,Ultimate,1.6-16V HEV,Híbrido,DCT-6,G,34.0,108.0,A,74.0,1.21,A,0.0,0.0,False
Médio,Hyundai,KONA,Signature,1.6-16V HEV,Híbrido,DCT-6,G,34.0,108.0,A,74.0,1.21,A,0.0,0.0,False
Médio,JAC,e-JS4,e-JS4,Elétrico,Elétrico,A-1,E,,,A,,0.47,A,,,False
Médio,KIA,NIRO,HEV 1.6 EX,1.6 - 16V,Híbrido,DCT-6,G,12.0,79.0,A,75.0,1.21,A,0.0,0.0,False
Médio,KIA,NIRO,HEV 1.6 LX,1.6 - 16V,Híbrido,DCT-6,G,12.0,79.0,A,75.0,1.21,A,0.0,0.0,False
Médio,KIA,NIRO,HEV 1.6 SX,1.6 - 16V,Híbrido,DCT-6,G,12.0,79.0,A,75.0,1.21,A,0.0,0.0,False
Médio,KIA,NIRO,HEV 1.6 SX RIOPEN,1.6 - 16V,Híbrido,DCT-6,G,12.0,79.0,A,75.0,1.21,A,0.0,0.0,False
Médio,MG,MG4,64 KWH COM,Elétrico,Elétrico,A-1,E,,,A,,0.5,A,,,False
Médio,MG,MG4,64 KWH LUX,Elétrico,Elétrico,A-1,E,,,A,,0.5,A,,,False
Médio,MG,MG4,64 KWH AWD,Elétrico,Elétrico,A-1,E,,,A,,0.59,A,,,False
Médio,MINI,Cooper,S 5P EXCLUSIVE,2.0 - 16V,Combustão,A-7,G,8.0,69.0,A,105.0,1.71,D,0.0,0.0,False
Médio,MINI,Cooper,S 5P TOP,2.0 - 16V,Combustão,A-7,G,8.0,69.0,A,105.0,1.71,D,0.0,0.0,False
Médio,MINI,Aceman,E,Elétrico,Elétrico,A,E,0.0,0.0,A,0.0,0.46,A,0.0,0.0,False
Médio,MINI,Aceman,SE,Elétrico,Elétrico,A,E,0.0,0.0,A,0.0,0.52,A,0.0,0.0,False
Médio,MINI,JCW-E,ACEMAN,Elétrico,Elétrico,A,E,0.0,0.0,A,0.0,0.5,A,0.0,0.0,False
Médio,Nissan,Versa,SENSE CVT,1.6-16V,Combustão,CVT,F,28.0,110.0,A,104.0,1.69,D,0.0,0.0,False
Médio,Nissan,Versa,ADVNC CVT,1.6-16V,Combustão,CVT,F,28.0,110.0,A,104.0,1.69,D,0.0,0.0,False
Médio,Nissan,Versa,EXCL CVT,1.6-16V,Combustão,CVT,F,28.0,110.0,A,104.0,1.69,D,0.0,0.0,False
Médio,Nissan,Versa,SR CVT,1.6-16V,Combustão,CVT,F,28.0,110.0,A,104.0,1.69,D,0.0,0.0,False
Médio,PEUGEOT,E2008,GT,ELÉTRICO,Elétrico,A-1,E,,,A,,0.55,A,,,False
Médio,Renault,MÉGANE,E-TECH,Elétrico,Elétrico,A,E,,,A,,0.51,A,,,False
Médio,VOLVO,EX30,E40 CORE,Elétrico,Elétrico,A-1,E,,0.0,A,0.0,0.55,A,0.0,,False
Médio,VOLVO,EX30,E40 PLUS,Elétrico,Elétrico,A-1,E,,0.0,A,0.0,0.55,A,0.0,,False
Médio,VOLVO,EX30,E60 ULTRA,Elétrico,Elétrico,A-1,E,,0.0,A,0.0,0.52,A,0.0,,False
Médio,VOLVO,EX30,E60 PLUS,Elétrico,Elétrico,A-1,E,,0.0,A,0.0,0.52,A,0.0,,False
Médio,VOLVO,EX30,E60 CORE,Elétrico,Elétrico,A-1,E,,0.0,A,0.0,0.52,A,0.0,,False
Médio,VOLVO,EX30,TWIN ULTRA,Elétrico,Elétrico,A-1,E,,0.0,A,0.0,0.62,A,0.0,,False
Médio,VW,VIRTUS,"COMFORTLINE 200TSI
AUTOMÁTICO",1.0-12V,Combustão,A - 6,F,19.0,97.0,A,101.0,1.64,C,0.0,0.0,False
Médio,VW,VIRTUS,HIGHLINE 200TSI AUTOMÁTICO,1.0-12V,Combustão,A - 6,F,19.0,97.0,A,101.0,1.64,C,0.0,0.0,False
Médio,VW,VIRTUS,TSI AUTOMÁTICO,1.0-12V,Combustão,A - 6,F,18.0,118.0,A,100.0,1.62,C,0.0,0.0,False
Médio,VW,VIRTUS,TSI MECÂNICO,1.0-12V,Combustão,M - 5,F,16.0,248.0,A,93.0,1.49,B,0.0,0.0,False
Médio,VW,VIRTUS,SENSE TSI MECÂNICO,1.0-12V,Combustão,M - 5,F,16.0,248.0,A,93.0,1.49,B,0.0,0.0,False
Médio,VW,VIRTUS,"EXCLUSIVE 250TSI
AUTOMÁTICO",1.4 -16V,Combustão,A - 6,F,17.0,96.0,A,105.0,1.7,D,0.0,0.0,False
Médio,VW,POLO,"COMFORTLINE TSI
AUTOMÁTICO",1.0-12V,Combustão,A - 6,F,17.0,117.0,A,93.0,1.5,B,0.0,0.0,False
Médio,VW,POLO,SENSE TSI AUTOMÁTICO,1.0-12V,Combustão,A - 6,F,17.0,117.0,A,93.0,1.5,B,0.0,0.0,False
Médio,VW,POLO,HIGHLINE TSI AUTOMÁTICO,1.0-12V,Combustão,A - 6,F,17.0,93.0,A,97.0,1.57,C,0.0,0.0,False
Médio,VW,POLO,MPI,1.0-12V,Combustão,M - 5,F,33.0,119.0,B,92.0,1.48,B,0.0,0.0,False
Médio,VW,POLO,TRACK 1.0 MPI,1.0-12V,Combustão,M - 5,F,33.0,119.0,B,92.0,1.48,B,0.0,0.0,False
Médio,VW,POLO,TRACK ROBUST 1.0 MPI,1.0-12V,Combustão,M - 5,F,33.0,119.0,B,92.0,1.48,B,0.0,0.0,False
Médio,VW,TERA,MPI,1.0-12V,Combustão,M - 5,F,39.0,115.0,B,93.0,1.52,B,0.0,0.0,False
Grande,AUDI,A3 Sedan,Advanced,2.0 - 16V,Combustão,DCT-7,G,11.0,154.0,A,121.0,1.95,D,0.0,0.0,False
Grande,AUDI,A3 Sedan,Performance,2.0 - 16V,Combustão,DCT-7,G,11.0,154.0,A,121.0,1.95,D,0.0,0.0,False
Grande,AUDI,A3 Sedan,Performance Black,2.0 - 16V,Combustão,DCT-7,G,11.0,154.0,A,121.0,1.95,D,0.0,0.0,False
Grande,AUDI,RS3 Sedan,,2.5 - 20V,Combustão,DCT-7,G,33.0,242.0,A,167.0,2.7,E,0.0,0.0,False
Grande,AUDI,RS3 Sedan,Track,2.5 - 20V,Combustão,DCT-7,G,33.0,242.0,A,167.0,2.7,E,0.0,0.0,False
Grande,BMW,iX1,xDrive30,Elétrico,Elétrico,A,E,0.0,0.0,A,0.0,0.6,A,0.0,0.0,False
Grande,BMW,iX1,eDrive20,Elétrico,Elétrico,A,E,0.0,0.0,A,0.0,0.55,A,0.0,0.0,False
Grande,BMW,iX2,xDrive30 MSP,Elétrico,Elétrico,A,E,0.0,0.0,A,0.0,0.59,A,0.0,0.0,False
Grande,BMW,220,,2.0 - 16V,Combustão,A-7,G,7.0,106.0,A,105.0,1.7,C,0.0,0.0,False
Grande,BMW,220,MSP,2.0 - 16V,Combustão,A-7,G,7.0,106.0,A,105.0,1.7,C,0.0,0.0,False
Grande,BMW,M235,xDrive,2.0 - 16V,Combustão,A-7,G,12.0,120.0,A,133.0,2.16,E,0.0,0.0,False
Grande,BMW,X2,M35i,2.0 - 16V,Combustão,A-7,G,11.0,176.0,A,136.0,2.21,E,0.0,0.0,False
Grande,GAC,AION Y,PREMIUM,Elétrico,Elétrico,A-1,E,,,A,,0.57,A,,,False
Grande,GAC,AION Y,ELITE,Elétrico,Elétrico,A-1,E,,,A,,0.57,A,,,False
Grande,HONDA,CIVIC HYBRID,TOURING,2.0 - 16V,Híbrido,CVT,G,24.0,128.0,A,75.0,1.21,B,0.0,0.0,False
Grande,HONDA,ZR-V,TOURING,2.0 - 16V,Combustão,CVT,G,12.0,265.0,A,120.0,1.95,D,0.0,0.0,False
Grande,JAECOO,7,PRESTIGE,1.5-16V,Plug-in,A-1,G,3.0,10.0,A,10.0,0.6,A,0.0,0.0,False
Grande,JAECOO,7,LUXURY,1.5-16V,Plug-in,A-1,G,3.0,10.0,A,10.0,0.6,A,0.0,0.0,False
Grande,LEXUS,UX 300H,UX 300H,2.0 - 16V,Híbrido,CVT,G,8.0,63.0,A,80.0,1.29,B,0.0,0.0,False
Grande,Mercedes-Benz,AMG A45S 4M,,2.0-16V,Combustão,DCT-8,G,25.0,179.0,A,148.0,2.4,E,0.0,0.0,False
Grande,Mercedes-Benz,GLA200,AMG LINE,1.3-16V,Híbrido,DCT-7,G,26.0,170.0,A,113.0,1.83,C,0.0,0.0,False
Grande,Mercedes-Benz,GLA200,PROGRESSIVE,1.3-16V,Híbrido,DCT-7,G,26.0,170.0,A,113.0,1.83,C,0.0,0.0,False
Grande,Mercedes-Benz,AMG GLA35 4M,,2.0-16V,Híbrido,DCT-8,G,10.0,117.0,A,141.0,2.29,E,0.0,0.0,False
Grande,MG,S5,EV 62KWH LUX,Elétrico,Elétrico,A-1,E,,,A,,0.51,A,,,False
Grande,MG,S5,EV 62KWH COM,Elétrico,Elétrico,A-1,E,,,A,,0.51,A,,,False
Grande,MINI,Countryman,SE EXCLUSIVE,Elétrico,Elétrico,A,E,0.0,0.0,A,0.0,0.61,A,0.0,0.0,False
Grande,MINI,Countryman,SE TOP,Elétrico,Elétrico,A,E,0.0,0.0,A,0.0,0.61,A,0.0,0.0,False
Grande,MINI,JCW,COUNTRYMAN,2.0 - 16V,Combustão,A-7,G,9.0,107.0,A,130.0,2.12,E,0.0,0.0,False
Grande,MINI,JCW,COUNTRYMAN EX,2.0 - 16V,Combustão,A-7,G,9.0,107.0,A,130.0,2.12,E,0.0,0.0,False
Grande,Nissan,Sentra,SEN CVT,2.0-16V,Combustão,CVT,G,9.0,208.0,A,110.0,1.79,C,0.0,0.0,False
Grande,Nissan,Sentra,ADV CVT,2.0-16V,Combustão,CVT,G,9.0,208.0,A,110.0,1.79,C,0.0,0.0,False
Grande,Nissan,Sentra,EXC CVT,2.0-16V,Combustão,CVT,G,9.0,208.0,A,110.0,1.79,C,0.0,0.0,False
Grande,OMODA,E5,--,Elétrico,Elétrico,A-1,E,,,A,,0.51,A,,,False
Grande,OMODA,5,HEV COMFORT,1.5-16V,Híbrido,A-1,G,25.0,152.0,A,92.0,1.5,B,0.0,0.0,False
Grande,OMODA,5,HEV LUXURY,1.5-16V,Híbrido,A-1,G,25.0,152.0,A,92.0,1.5,B,0.0,0.0,False
Grande,OMODA,5,HEV PRESTIGE,1.5-16V,Híbrido,A-1,G,25.0,152.0,A,92.0,1.5,B,0.0,0.0,False
Grande,TOYOTA,COROLLA CROSS,XRV HYBRID,1.8-16V,Híbrido,CVT,F,32.0,190.0,B,85.0,1.36,B,0.0,0.0,False
Grande,TOYOTA,COROLLA CROSS,XRX HYBRID,1.8-16V,Híbrido,CVT,F,32.0,190.0,B,85.0,1.36,B,0.0,0.0,False
Grande,TOYOTA,COROLLA,ALTIS HV,1.8 16V,Híbrido,CVT,F,32.0,150.0,B,79.0,1.26,B,0.0,0.0,False
Grande,TOYOTA,COROLLA,APREMIUMH,1.8 16V,Híbrido,CVT,F,32.0,150.0,B,79.0,1.26,B,0.0,0.0,False
Grande,TOYOTA,COROLLA,GLI HEV,1.8 16V,Híbrido,CVT,F,32.0,150.0,B,79.0,1.26,B,0.0,0.0,False
Grande,VOLVO,EC40,6 CORE,Elétrico,Elétrico,A-1,E,,0.0,A,0.0,0.51,A,0.0,,False
Grande,VOLVO,EC40,6 PLUS,Elétrico,Elétrico,A-1,E,,0.0,A,0.0,0.51,A,0.0,,False
Grande,VOLVO,EC40,6 ULTRA,Elétrico,Elétrico,A-1,E,,0.0,A,0.0,0.51,A,0.0,,False
Grande,VOLVO,EC40,8 CORE,Elétrico,Elétrico,A-1,E,,0.0,A,0.0,0.59,A,0.0,,False
Grande,VOLVO,EC40,8 PLUS,Elétrico,Elétrico,A-1,E,,0.0,A,0.0,0.59,A,0.0,,False
Grande,VOLVO,EC40,8 ULTRA,Elétrico,Elétrico,A-1,E,,0.0,A,0.0,0.59,A,0.0,,False
Grande,VOLVO,EC40,PERF BLACK,Elétrico,Elétrico,A-1,E,,0.0,A,0.0,0.59,A,0.0,,False
Grande,VOLVO,EC40,PERF ULTRA,Elétrico,Elétrico,A-1,E,,0.0,A,0.0,0.59,A,0.0,,False
Extra Grande,AUDI,A5,Performance S Edition,2.0 - 16V,Combustão,DCT-7,G,23.0,86.0,A,141.0,2.28,D,0.0,0.0,False
Extra Grande,AUDI,RS 6 Avant,Performance,4.0 - 32V,Híbrido,A-8,G,49.0,116.0,B,209.0,3.39,E,0.0,0.0,False
Extra Grande,AUDI,A6 e-tron,Performance black,Elétrico,Elétrico,A-1,E,0.0,0.0,A,0.0,0.59,A,0.0,0.0,False
Extra Grande,AUDI,Q5 SUV,Advanced,2.0 - 16V,Combustão,DCT-7,G,10.0,94.0,A,150.0,2.43,D,0.0,0.0,False
Extra Grande,AUDI,Q5 SUV,S line,2.0 - 16V,Combustão,DCT-7,G,10.0,94.0,A,150.0,2.43,D,0.0,0.0,False
Extra Grande,AUDI,Q5 Sportback,Advanced,2.0 - 16V,Combustão,DCT-7,G,10.0,139.0,A,150.0,2.44,D,0.0,0.0,False
Extra Grande,AUDI,Q5 Sportback,S line,2.0 - 16V,Combustão,DCT-7,G,10.0,139.0,A,150.0,2.44,D,0.0,0.0,False
Extra Grande,AUDI,SQ5 SUV,,3.0 - 24V,Combustão,DCT-7,G,13.0,106.0,A,172.0,2.79,E,0.0,0.0,False
Extra Grande,AUDI,SQ5 Sportback,,3.0 - 24V,Combustão,DCT-7,G,14.0,98.0,A,179.0,2.9,E,0.0,0.0,False
Extra Grande,AUDI,Q6 e-tron Quattro,Performance,Elétrico,Elétrico,A-1,E,0.0,0.0,A,0.0,0.64,A,0.0,0.0,False
Extra Grande,AUDI,Q6 e-tron Quattro,Performance black,Elétrico,Elétrico,A-1,E,0.0,0.0,A,0.0,0.64,A,0.0,0.0,False
Extra Grande,AUDI,Q6 e-tron RWD,Performance,Elétrico,Elétrico,A-1,E,0.0,0.0,A,0.0,0.64,A,0.0,0.0,False
Extra Grande,AUDI,Q6 Sportback e-tron Quattro,Performance black,Elétrico,Elétrico,A-1,E,0.0,0.0,A,0.0,0.61,A,0.0,0.0,False
Extra Grande,AUDI,SQ6 Sportback e-tron Quattro,,Elétrico,Elétrico,A-1,E,0.0,0.0,A,0.0,0.6,A,0.0,0.0,False
Extra Grande,AUDI,Q7,S Line,3.0 - 24V,Híbrido,A-8,G,23.0,233.0,A,180.0,2.92,E,0.0,0.0,False
Extra Grande,AUDI,Q8 Sportback,Performance Black,3.0 - 24V,Híbrido,A-8,G,21.0,205.0,A,192.0,3.11,E,0.0,0.0,False
Extra Grande,AUDI,RSQ8,Performance,4.0 - 32V,Combustão,A-8,G,34.0,284.0,B,235.0,3.8,E,0.0,0.0,False
Extra Grande,BMW,420i,Cabrio,2.0 - 16V,Combustão,A-8,G,9.0,148.0,A,125.0,2.02,C,0.0,0.0,False
Extra Grande,BMW,530e,M SPORT,2.0 - 16V,Plug-in,A-8,G,5.0,47.0,A,117.0,0.76,A,0.0,0.0,False
Extra Grande,BMW,320i,M Sport Flex,2.0 - 16V,Combustão,A-8,F,47.0,139.0,B,117.0,1.88,C,0.0,0.0,False
Extra Grande,BMW,320i,Sport GP Flex,2.0 - 16V,Combustão,A-8,F,27.0,163.0,B,113.0,1.83,C,0.0,0.0,False
Extra Grande,BMW,320i,GP Flex,2.0 - 16V,Combustão,A-8,F,27.0,163.0,B,113.0,1.83,C,0.0,0.0,False
Extra Grande,BMW,320i,Active Flex,2.0 - 16V,Combustão,A-8,F,28.0,194.0,B,123.0,1.98,C,0.0,0.0,False
Extra Grande,BMW,330e,,2.0 - 16V,Plug-in,A-8,G,4.0,30.0,A,138.0,0.92,A,0.0,0.0,False
Extra Grande,BMW,i7,xDrive60,Elétrico,Elétrico,A,E,0.0,0.0,A,0.0,0.65,A,0.0,0.0,False
Extra Grande,BMW,I5,M60,Elétrico,Elétrico,A,E,0.0,0.0,A,0.0,0.61,A,0.0,0.0,False
Extra Grande,BMW,IX,xDrive 50,Elétrico,Elétrico,A,E,0.0,0.0,A,0.0,0.64,A,0.0,0.0,False
Extra Grande,BYD,ATTO 8,GS DM,1.5-16V,Plug-in,A-1,G,3.0,5.0,A,8.0,0.71,A,0.0,0.0,False
Extra Grande,BYD,HAN,AWD GS 680EV,Elétrico,Elétrico,N.A.,E,0.0,0.0,A,0.0,0.69,A,0.0,0.0,False
Extra Grande,BYD,SEAL,AWD GS 590EV,Elétrico,Elétrico,N.A.,E,0.0,0.0,A,0.0,0.62,A,0.0,0.0,False
Extra Grande,BYD,TAN,AWD GS 700EV,Elétrico,Elétrico,N.A.,E,0.0,0.0,A,0.0,0.73,A,0.0,0.0,False
Extra Grande,BYD,SONG PLUS,GS DM,1.5-16V,Plug-in,A-1,G,6.0,21.0,A,16.0,0.58,A,0.0,0.0,False
Extra Grande,BYD,SONG PLUS,PREM DM,1.5-16V,Plug-in,A-1,G,7.0,17.0,A,12.0,0.67,A,0.0,0.0,False
Extra Grande,BYD,SONG PRO,GS DM,1.5-16V,Plug-in,A-1,G,2.0,14.0,A,15.0,0.6,A,0.0,0.0,False
Extra Grande,BYD,SONG PRO,GL DM,1.5-16V,Plug-in,A-1,G,4.0,22.0,A,24.0,0.58,A,0.0,0.0,False
Extra Grande,BYD,KING,GL DM,1.5-16V,Plug-in,A-1,G,4.0,28.0,A,30.0,0.53,A,0.0,0.0,False
Extra Grande,BYD,KING,GS DM,1.5-16V,Plug-in,A-1,G,7.0,9.0,A,10.0,0.49,A,0.0,0.0,False
Extra Grande,CHEVROLET,BLAZER EV,RS,Elétrico,Elétrico,Automática (A),E,,,A,,0.63,A,,,False
Extra Grande,CHEVROLET,EQUINOX,ACTIV,1.5T -16V,Combustão,A-8,G,21.0,140.0,A,140.0,2.28,D,0.0,0.0,False
Extra Grande,CHEVROLET,EQUINOX,RS,1.5T -16V,Combustão,A-8,G,21.0,140.0,A,140.0,2.28,D,0.0,0.0,False
Extra Grande,CHEVROLET,EQUINOX EV,,Elétrico,Elétrico,Automática (A),E,,,A,,0.56,A,,,False
Extra Grande,CHEVROLET,CAPTIVA EV,PR,Elétrico,Elétrico,Automática (A),E,,,A,,0.62,A,,,False
Extra Grande,GAC,AION ES,PLUS,Elétrico,Elétrico,A-1,E,,,A,,0.45,A,,,False
Extra Grande,GAC,HYPTEC HT,ELITE,Elétrico,Elétrico,A-1,E,,,A,,0.53,A,,,False
Extra Grande,GAC,HYPTEC HT,ULTRA,Elétrico,Elétrico,A-1,E,,,A,,0.53,A,,,False
Extra Grande,GAC,AION V,ELITE,Elétrico,Elétrico,A-1,E,,,A,,0.54,A,,,False
Extra Grande,GAC,AION V,PREMIUM,Elétrico,Elétrico,A-1,E,,,A,,0.55,A,,,False
Extra Grande,Geely,EX5,MAX,Elétrico,Elétrico,A,E,,,A,,0.51,A,,,False
Extra Grande,Geely,EX5,PRO,Elétrico,Elétrico,A,E,,,A,,0.42,A,,,False
Extra Grande,HONDA,ACCORD HYBRID,TOURING,2.0 - 16V,Híbrido,CVT,G,10.0,69.0,A,78.0,1.26,B,0.0,0.0,False
Extra Grande,Hyundai,IONIQ 5,Platinum,Elétrico,Elétrico,A-1,E,,,A,,0.66,A,,,False
Extra Grande,Hyundai,IONIQ 5,Ultimate,Elétrico,Elétrico,A-1,E,,,A,,0.66,A,,,False
Extra Grande,Hyundai,IONIQ 5,Signature,Elétrico,Elétrico,A-1,E,,,A,,0.66,A,,,False
Extra Grande,JAC,e-J7,e-J7,Elétrico,Elétrico,A-1,E,,,A,,0.5,A,,,False
Extra Grande,KIA,EV5 2WD,AIR 2WD,ELÉTRICO,Elétrico,A-1,E,,,A,,0.6,A,,,False
Extra Grande,KIA,EV5 2WD,LAND 2WD,ELÉTRICO,Elétrico,A-1,E,,,A,,0.6,A,,,False
Extra Grande,LEAPMOTOR,C10,REEV,"1.5L - 16V
/ Eletrico",Plug-In,A-1,G,5.0,19.0,A,111.0,0.65,A,0.0,0.0,False
Extra Grande,LEAPMOTOR,C10,Design,ELÉTRICO,Elétrico,A-1,E,,,A,,0.61,A,,,False
Extra Grande,LEXUS,NX350H,DYNAMIC,2.5 - 16V,Híbrido,CVT,G,15.0,44.0,A,88.0,1.43,B,0.0,0.0,False
Extra Grande,LEXUS,NX350H,F-SPORT,2.5 - 16V,Híbrido,CVT,G,15.0,44.0,A,88.0,1.43,B,0.0,0.0,False
Extra Grande,LEXUS,NX350H,LUXURY,2.5 - 16V,Híbrido,CVT,G,15.0,44.0,A,88.0,1.43,B,0.0,0.0,False
Extra Grande,LEXUS,NX 450H PLUG-IN,NX450H PLUG-IN,2.5 - 16V,Plug-in,CVT,G,2.0,4.0,A,95.0,0.61,A,0.0,0.0,False
Extra Grande,LEXUS,RX500H,F-SPORT,2.4 - 16V,Híbrido,A-6,G,10.0,130.0,A,124.0,2.0,C,0.0,0.0,False
Extra Grande,LEXUS,RX450H PLUG-IN,I/LEXUS RX450H PLUG-IN,2.5-16V,Plug-in,CVT,G,2.0,3.0,A,19.0,0.64,A,0.0,0.0,False
Extra Grande,Mercedes-Benz,CLA200,AMG LINE,1.3-16V,Híbrido,DCT-7,G,33.0,125.0,B,104.0,1.68,C,0.0,0.0,False
Extra Grande,Mercedes-Benz,CLA200,PROGRESSIVE,1.3-16V,Híbrido,DCT-7,G,33.0,125.0,B,104.0,1.68,C,0.0,0.0,False
Extra Grande,Mercedes-Benz,AMG CLA35 4M,,2.0-16V,Híbrido,DCT-8,G,21.0,160.0,A,146.0,2.35,D,0.0,0.0,False
Extra Grande,Mercedes-Benz,AMG CLA45S 4M,,2.0-16V,Combustão,DCT-8,G,28.0,143.0,A,151.0,2.44,D,0.0,0.0,False
Extra Grande,Mercedes-Benz,C200,AMG LINE,1.5-16V,Híbrido,A-9,G,19.0,128.0,A,107.0,1.74,C,0.0,0.0,False
Extra Grande,Mercedes-Benz,C300,AMG LINE,2.0-16V,Híbrido,A-9,G,18.0,111.0,A,113.0,1.84,C,0.0,0.0,False
Extra Grande,Mercedes-Benz,AMG C63S EP,F1,2.0-16V,Plug-in,A-9,G,9.0,228.0,A,142.0,1.81,C,0.0,0.0,False
Extra Grande,Mercedes-Benz,AMG C63S EP,,2.0-16V,Plug-in,A-9,G,9.0,228.0,A,142.0,1.81,C,0.0,0.0,False
Extra Grande,Mercedes-Benz,E300,EXCLUSIVE,2.0-16V,Híbrido,A-9,G,21.0,111.0,A,123.0,1.99,C,0.0,0.0,False
Extra Grande,Mercedes-Benz,AMG S63 EP,,4.0-32V,Plug-in,A-9,G,10.0,202.0,A,196.0,1.18,B,0.0,0.0,False
Extra Grande,Mercedes-Benz,GLB220 4M,AMG LINE,2.0-16V,Híbrido,DCT-8,G,13.0,123.0,A,118.0,1.91,C,0.0,0.0,False
Extra Grande,Mercedes-Benz,GLB220 4M,PROGRESSIVE,2.0-16V,Híbrido,DCT-8,G,13.0,123.0,A,118.0,1.91,C,0.0,0.0,False
Extra Grande,Mercedes-Benz,AMG GLB35 4M,,2.0-16V,Híbrido,DCT-8,G,9.0,142.0,A,151.0,2.46,D,0.0,0.0,False
Extra Grande,Mercedes-Benz,AMG GLC43,CO,2.0-16V,Híbrido,A-9,G,23.0,84.0,A,172.0,2.79,E,0.0,0.0,False
Extra Grande,Mercedes-Benz,AMG GLC63S EP,,2.0-16V,Plug-in,A-9,G,12.0,417.0,A,184.0,2.98,E,0.0,0.0,False
Extra Grande,Mercedes-Benz,AMG GLE53 4M,,3.0-24V,Híbrido,A-9,G,16.0,99.0,A,173.0,2.81,E,0.0,0.0,False
Extra Grande,Mercedes-Benz,AMG GLE63 S CO,Coupé,4.0-32V,Híbrido,A-9,G,19.0,177.0,A,215.0,3.48,E,0.0,0.0,False
Extra Grande,Mercedes-Benz,GLS450 4M,AMG L,3.0-24V,Híbrido,A-9,G,17.0,103.0,A,169.0,2.75,E,0.0,0.0,False
Extra Grande,Mercedes-Benz,EQB250+,,Elétrico,Elétrico,A-1,E,,,A,,0.53,A,,,False
Extra Grande,Mercedes-Benz,AMG GLC43,,2.0-16V,Híbrido,A-9,G,17.0,119.0,A,184.0,2.98,E,0.0,0.0,False
Extra Grande,Mitsubishi,Outlander,HPE-S E,2.4-16V,Plug-in,AT,G,5.0,7.0,A,120.0,0.77,A,0.0,0.0,False
Extra Grande,Mitsubishi,Outlander,SIGNATURE E,2.4-16V,Plug-in,AT,G,5.0,7.0,A,120.0,0.77,A,0.0,0.0,False
Extra Grande,OMODA,7,PHEV LUXURY,1.5-16V,Plug-in,A-1,G,7.0,28.0,A,18.0,0.66,A,0.0,0.0,False
Extra Grande,OMODA,7,PHEV PRESTIGE,1.5-16V,Plug-in,A-1,G,7.0,28.0,A,18.0,0.66,A,0.0,0.0,False
Extra Grande,PORSCHE,MACAN,S,2.9-24V,Combustão,DCT-7,G,39.0,85.0,A,182.0,2.96,E,0.0,0.0,False
Extra Grande,PORSCHE,MACAN,E4,Elétrico,Elétrico,--,E,0.0,0.0,A,0.0,0.6,A,0.0,0.0,False
Extra Grande,PORSCHE,MACAN,ETURBO,Elétrico,Elétrico,--,E,0.0,0.0,A,0.0,0.61,A,0.0,0.0,False
Extra Grande,PORSCHE,MACAN,E4S,Elétrico,Elétrico,--,E,0.0,0.0,A,0.0,0.61,A,0.0,0.0,False
Extra Grande,PORSCHE,MACAN,GTS (MY 2026),2.9-24V,Combustão,DCT-7,G,33.0,154.0,A,182.0,2.94,E,0.0,0.0,False
Extra Grande,PORSCHE,MACAN,,2.0-16V,Combustão,DCT-7,G,22.0,290.0,A,175.0,2.84,E,0.0,0.0,False
Extra Grande,PORSCHE,MACAN,T,2.0-16V,Combustão,DCT-7,G,22.0,290.0,A,175.0,2.84,E,0.0,0.0,False
Extra Grande,TOYOTA,RAV4,SX CONNECT,2.5-16V,Híbrido,CVT,G,17.0,64.0,A,89.0,1.43,B,0.0,0.0,False
Extra Grande,TOYOTA,RAV4,S CONNECT,2.5-16V,Híbrido,CVT,G,17.0,64.0,A,89.0,1.43,B,0.0,0.0,False
Extra Grande,VW,JETTA,GLI,2.0-16V,Combustão,DCT - 7,G,9.0,150.0,A,118.0,1.9,C,0.0,0.0,False
Extra Grande,ZEEKR,001,Flagship,Elétrico,Elétrico,A,E,,,A,,0.63,A,,,False
Extra Grande,ZEEKR,001,Premium,Elétrico,Elétrico,A,E,,,A,,0.63,A,,,False
Extra Grande,ZEEKR,7X,Flagship AWD,Elétrico,Elétrico,A,E,,,A,,0.64,A,,,False
Utilitário Esportivo Compacto,CAOA CHERY,TIGGO 5X,PRO HA,1.5T -16V,Híbrido,CVT,F,30.0,166.0,A,115.0,1.85,C,0.0,0.0,False
Utilitário Esportivo Compacto,CAOA CHERY,TIGGO 5X,PRO,1.5T -16V,Combustão,CVT,F,39.0,167.0,B,124.0,2.06,E,0.0,0.0,False
Utilitário Esportivo Compacto,CAOA CHERY,TIGGO 5X,SPORT,1.5T -16V,Combustão,CVT,F,39.0,167.0,B,124.0,2.06,E,0.0,0.0,False
Utilitário Esportivo Compacto,CHEVROLET,TRACKER,LT,1.0T - 12V,Combustão,A-6,F,19.0,168.0,A,108.0,1.72,B,0.0,0.0,False
Utilitário Esportivo Compacto,CHEVROLET,TRACKER,LTZ,1.0T - 12V,Combustão,A-6,F,19.0,168.0,A,108.0,1.72,B,0.0,0.0,False
Utilitário Esportivo Compacto,CHEVROLET,TRACKER,AT,1.0T - 12V,Combustão,A-6,F,19.0,168.0,A,108.0,1.72,B,0.0,0.0,False
Utilitário Esportivo Compacto,CHEVROLET,TRACKER,RS,1.2T - 12V,Combustão,A-6,F,18.0,139.0,A,111.0,1.8,C,0.0,0.0,False
Utilitário Esportivo Compacto,CHEVROLET,TRACKER,PREMIER,1.2T - 12V,Combustão,A-6,F,18.0,139.0,A,111.0,1.8,C,0.0,0.0,False
Utilitário Esportivo Compacto,CITROEN,BASALT,FEEL 1.0,1.0-6V,Combustão,M-5,F,39.0,437.0,C,97.0,1.56,A,0.0,0.0,False
Utilitário Esportivo Compacto,CITROEN,BASALT,LIVE 1.0,1.0-6V,Combustão,M-5,F,39.0,437.0,C,97.0,1.56,A,0.0,0.0,False
Utilitário Esportivo Compacto,CITROEN,BASALT,SHINE T200,1.0T-12V,Combustão,CVT-7,F,39.0,403.0,B,104.0,1.69,B,0.0,0.0,False
Utilitário Esportivo Compacto,CITROEN,BASALT,FL PKT200,1.0T-12V,Combustão,CVT-7,F,39.0,403.0,B,104.0,1.69,B,0.0,0.0,False
Utilitário Esportivo Compacto,CITROEN,BASALT,T200 DARK,1.0T-12V,Combustão,CVT-7,F,39.0,403.0,B,104.0,1.69,B,0.0,0.0,False
Utilitário Esportivo Compacto,CITROEN,C3,FEEL 1.0,1.0-6V,Combustão,M-5,F,39.0,441.0,B,96.0,1.54,A,0.0,0.0,False
Utilitário Esportivo Compacto,CITROEN,C3,LIVE 1.0,1.0-6V,Combustão,M-5,F,39.0,441.0,B,96.0,1.54,A,0.0,0.0,False
Utilitário Esportivo Compacto,CITROEN,C3,LIVE PK 1.0,1.0-6V,Combustão,M-5,F,39.0,441.0,B,96.0,1.54,A,0.0,0.0,False
Utilitário Esportivo Compacto,CITROEN,C3,YOU 1.0T CVT,1.0T-12V,Combustão,CVT-7,F,40.0,552.0,C,110.0,1.78,C,0.0,0.0,False
Utilitário Esportivo Compacto,CITROEN,C3,XTR 1.0,1.0-6V,Combustão,M-5,F,37.0,372.0,B,97.0,1.55,A,0.0,0.0,False
Utilitário Esportivo Compacto,CITROEN,AIRCROSS,XTR 7,1.0T-12V,Combustão,CVT-7,F,36.0,354.0,B,114.0,1.86,C,0.0,0.0,False
Utilitário Esportivo Compacto,CITROEN,AIRCROSS,XTR,1.0T-12V,Combustão,CVT-7,F,36.0,354.0,B,114.0,1.86,C,0.0,0.0,False
Utilitário Esportivo Compacto,CITROEN,AIRCROSS,FL,1.0T-12V,Combustão,CVT-7,F,35.0,423.0,B,111.0,1.8,C,0.0,0.0,False
Utilitário Esportivo Compacto,CITROEN,AIRCROSS,7 FL,1.0T-12V,Combustão,CVT-7,F,35.0,423.0,B,111.0,1.8,C,0.0,0.0,False
Utilitário Esportivo Compacto,CITROEN,AIRCROSS,FL PK,1.0T-12V,Combustão,CVT-7,F,35.0,423.0,B,111.0,1.8,C,0.0,0.0,False
Utilitário Esportivo Compacto,CITROEN,AIRCROSS,7 FL PK,1.0T-12V,Combustão,CVT-7,F,35.0,423.0,B,111.0,1.8,C,0.0,0.0,False
Utilitário Esportivo Compacto,CITROEN,AIRCROSS,SH,1.0T-12V,Combustão,CVT-7,F,35.0,423.0,B,111.0,1.8,C,0.0,0.0,False
Utilitário Esportivo Compacto,CITROEN,AIRCROSS,7 SH,1.0T-12V,Combustão,CVT-7,F,35.0,423.0,B,111.0,1.8,C,0.0,0.0,False
Utilitário Esportivo Compacto,FIAT,ARGO,TREKKING 1.3,1.3-8V,Combustão,M-5,F,39.0,334.0,B,97.0,1.57,A,0.0,0.0,False
Utilitário Esportivo Compacto,FIAT,ARGO,ENDUR 1.3 MT,1.3-8V,Combustão,M-5,F,39.0,334.0,B,97.0,1.57,A,0.0,0.0,False
Utilitário Esportivo Compacto,FIAT,ARGO,TREKKING 1.3AT,1.3-8V,Combustão,CVT-7,F,37.0,297.0,B,99.0,1.58,A,0.0,0.0,False
Utilitário Esportivo Compacto,FIAT,FASTBACK,TURBO 200,1.0T-12V,Combustão,CVT-7,F,31.0,240.0,B,102.0,1.65,A,0.0,0.0,False
Utilitário Esportivo Compacto,FIAT,FASTBACK,AUDACE HYB,1.0T-12V,Híbrido,CVT-7,F,40.0,221.0,B,100.0,1.62,A,0.0,0.0,False
Utilitário Esportivo Compacto,FIAT,FASTBACK,IMPETUS HY,1.0T-12V,Híbrido,CVT-7,F,40.0,221.0,B,100.0,1.62,A,0.0,0.0,False
Utilitário Esportivo Compacto,FIAT,FASTBACK,ABARTH 270,1.3T-16V,Combustão,A-6,F,28.0,209.0,B,115.0,1.88,D,0.0,0.0,False
Utilitário Esportivo Compacto,FIAT,FASTBACK,LIMITED ED,1.3T-16V,Combustão,A-6,F,32.0,174.0,B,110.0,1.76,B,0.0,0.0,False
Utilitário Esportivo Compacto,FIAT,PULSE,DRIVE MT,1.3-8V,Combustão,M-5,F,31.0,400.0,B,98.0,1.58,A,0.0,0.0,False
Utilitário Esportivo Compacto,FIAT,PULSE,DRIVE AT,1.3-8V,Combustão,CVT-7,F,46.0,315.0,C,97.0,1.56,A,0.0,0.0,False
Utilitário Esportivo Compacto,FIAT,PULSE,AUDACE HYB,1.0T-12V,Híbrido,CVT-7,F,42.0,312.0,B,95.0,1.54,A,0.0,0.0,False
Utilitário Esportivo Compacto,FIAT,PULSE,DRIVE TF 200,1.0T-12V,Combustão,CVT-7,F,32.0,145.0,B,101.0,1.63,A,0.0,0.0,False
Utilitário Esportivo Compacto,FIAT,PULSE,IMPETUS HYB,1.0T-12V,Híbrido,CVT-7,F,42.0,312.0,B,95.0,1.54,A,0.0,0.0,False
Utilitário Esportivo Compacto,FIAT,PULSE,ABARTH 270,1.3T-16V,Combustão,A-6,F,27.0,141.0,B,120.0,1.94,D,0.0,0.0,False
Utilitário Esportivo Compacto,HONDA,WR-V,EX,1.5-16V,Combustão,CVT,F,22.0,191.0,A,108.0,1.76,B,0.0,0.0,False
Utilitário Esportivo Compacto,HONDA,WR-V,EXL,1.5-16V,Combustão,CVT,F,22.0,191.0,A,108.0,1.76,B,0.0,0.0,False
Utilitário Esportivo Compacto,Hyundai,CRETA,Comfort,1.0-12V T,Combustão,A-6,F,31.0,120.0,A,108.0,1.74,B,0.0,0.0,False
Utilitário Esportivo Compacto,Hyundai,CRETA,Comfort Safety,1.0-12V T,Combustão,A-6,F,31.0,120.0,A,108.0,1.74,B,0.0,0.0,False
Utilitário Esportivo Compacto,Hyundai,CRETA,Limited,1.0-12V T,Combustão,A-6,F,31.0,120.0,A,108.0,1.74,B,0.0,0.0,False
Utilitário Esportivo Compacto,Hyundai,CRETA,Platinum,1.0-12V T,Combustão,A-6,F,31.0,120.0,A,108.0,1.74,B,0.0,0.0,False
Utilitário Esportivo Compacto,Hyundai,CRETA,N Line,1.0-12V T,Combustão,A-6,F,31.0,120.0,A,108.0,1.74,B,0.0,0.0,False
Utilitário Esportivo Compacto,JEEP,RENEGADE,SPT T FLEX,1.3T-16V,Combustão,A-6,F,35.0,172.0,B,115.0,1.84,C,0.0,0.0,False
Utilitário Esportivo Compacto,JEEP,RENEGADE,SPT TURBO,1.3T-16V,Combustão,A-6,F,35.0,172.0,B,115.0,1.84,C,0.0,0.0,False
Utilitário Esportivo Compacto,JEEP,RENEGADE,ALTIT T270,1.3T-16V,Combustão,A-6,F,35.0,172.0,B,115.0,1.84,C,0.0,0.0,False
Utilitário Esportivo Compacto,JEEP,RENEGADE,LGTD T270,1.3T-16V,Combustão,A-6,F,35.0,172.0,B,115.0,1.84,C,0.0,0.0,False
Utilitário Esportivo Compacto,JEEP,RENEGADE,SAHARA,1.3T-16V,Combustão,A-6,F,35.0,172.0,B,115.0,1.84,C,0.0,0.0,False
Utilitário Esportivo Compacto,NISSAN,Kicks,SENSE AT,1.0 12V,Combustão,DCT,F,32.0,351.0,B,105.0,1.69,B,0.0,0.0,False
Utilitário Esportivo Compacto,NISSAN,Kicks,ADVANCE AT,1.0 12V,Combustão,DCT,F,32.0,351.0,B,105.0,1.69,B,0.0,0.0,False
Utilitário Esportivo Compacto,NISSAN,Kicks,EXCLUSIV AT,1.0 12V,Combustão,DCT,F,32.0,351.0,B,105.0,1.69,B,0.0,0.0,False
Utilitário Esportivo Compacto,NISSAN,Kicks,PLATINUM AT,1.0 12V,Combustão,DCT,F,32.0,351.0,B,105.0,1.69,B,0.0,0.0,False
Utilitário Esportivo Compacto,NISSAN,Kait,SENSE,1.6-16V,Combustão,CVT,F,25.0,145.0,A,109.0,1.77,C,0.0,0.0,False
Utilitário Esportivo Compacto,NISSAN,Kait,ADVANCE,1.6-16V,Combustão,CVT,F,25.0,145.0,A,109.0,1.77,C,0.0,0.0,False
Utilitário Esportivo Compacto,NISSAN,Kait,EXCLUSIVE,1.6-16V,Combustão,CVT,F,23.0,165.0,A,115.0,1.87,D,0.0,0.0,False
Utilitário Esportivo Compacto,PEUGEOT,2008,ACT T200,1.0T-12V,Combustão,CVT-7,F,33.0,511.0,B,103.0,1.66,A,0.0,0.0,False
Utilitário Esportivo Compacto,PEUGEOT,2008,ALLU T200,1.0T-12V,Combustão,CVT-7,F,33.0,511.0,B,103.0,1.66,A,0.0,0.0,False
Utilitário Esportivo Compacto,PEUGEOT,2008,GT T200,1.0T-12V,Combustão,CVT-7,F,33.0,511.0,B,103.0,1.66,A,0.0,0.0,False
Utilitário Esportivo Compacto,PEUGEOT,2008,GT HYBRID,1.0T-12V,Híbrido,CVT-7,F,40.0,380.0,B,99.0,1.61,A,0.0,0.0,False
Utilitário Esportivo Compacto,Renault,KWID,ZEN 2,1.0-12V,Combustão,M-5,F,49.0,362.0,B,88.0,1.41,A,0.0,0.0,False
Utilitário Esportivo Compacto,Renault,KWID,INTENSE 2,1.0-12V,Combustão,M-5,F,49.0,362.0,B,88.0,1.41,A,0.0,0.0,False
Utilitário Esportivo Compacto,Renault,KWID,OUTSIDER 2,1.0-12V,Combustão,M-5,F,49.0,362.0,B,88.0,1.41,A,0.0,0.0,False
Utilitário Esportivo Compacto,Renault,KWID,INTENSE BITON,1.0-12V,Combustão,M-5,F,49.0,362.0,B,88.0,1.41,A,0.0,0.0,False
Utilitário Esportivo Compacto,Renault,KWID,ICONIC 2,1.0-12V,Combustão,M-5,F,49.0,362.0,B,88.0,1.41,A,0.0,0.0,False
Utilitário Esportivo Compacto,Renault,KWID,LIFE 2,1.0-12V,Combustão,M-5,F,49.0,362.0,B,88.0,1.41,A,0.0,0.0,False
Utilitário Esportivo Compacto,Renault,KARDIAN,TECH AT,1.0 12V,Combustão,DCT-6,F,28.0,397.0,B,100.0,1.61,A,0.0,0.0,False
Utilitário Esportivo Compacto,Renault,KARDIAN,ICO AT,1.0 12V,Combustão,DCT-6,F,48.0,246.0,B,102.0,1.64,A,0.0,0.0,False
Utilitário Esportivo Compacto,Renault,KARDIAN,10T AT,1.0 12V,Combustão,DCT-6,F,48.0,246.0,B,102.0,1.64,A,0.0,0.0,False
Utilitário Esportivo Compacto,Renault,KARDIAN,EVO AT,1.0 12V,Combustão,M-6,F,27.0,50.0,A,98.0,1.59,A,0.0,0.0,False
Utilitário Esportivo Compacto,Renault,KARDIAN,EVO MT,1.0 12V,Combustão,M-6,F,27.0,50.0,A,98.0,1.59,A,0.0,0.0,False
Utilitário Esportivo Compacto,VW,T CROSS,HIGHLINE 250TSI AUTOMÁTICO,1.4 - 16V,Combustão,A - 6,F,18.0,73.0,A,105.0,1.69,B,0.0,0.0,False
Utilitário Esportivo Compacto,VW,T CROSS,"COMFORTLINE 200TSI
AUTOMATICO",1.0-12V,Combustão,A - 6,F,21.0,95.0,A,102.0,1.64,A,0.0,0.0,False
Utilitário Esportivo Compacto,VW,T CROSS,200TSI AUTOMATICO,1.0-12V,Combustão,A - 6,F,21.0,95.0,A,102.0,1.64,A,0.0,0.0,False
Utilitário Esportivo Compacto,VW,T CROSS,SENSE 200TSI AUTOMATICO,1.0-12V,Combustão,A - 6,F,21.0,95.0,A,102.0,1.64,A,0.0,0.0,False
Utilitário Esportivo Compacto,VW,NIVUS,HIGHLINE 200TSI AUTOMÁTICO,1.0-12V,Combustão,A - 6,F,20.0,93.0,A,99.0,1.61,A,0.0,0.0,False
Utilitário Esportivo Compacto,VW,NIVUS,"COMFORTLINE 200TSI
AUTOMÁTICO",1.0-12V,Combustão,A - 6,F,20.0,93.0,A,99.0,1.61,A,0.0,0.0,False
Utilitário Esportivo Compacto,VW,T CROSS,EXTREME 250TSI AUTOMÁTICO,1.4 - 16V,Combustão,A - 6,F,18.0,73.0,A,105.0,1.69,B,0.0,0.0,False
Utilitário Esportivo Compacto,VW,NIVUS,GTS 1.4TSI AUTOMÁTICO,1.4-16V,Combustão,A - 6,F,14.0,60.0,A,106.0,1.7,B,0.0,0.0,False
Utilitário Esportivo Compacto,VW,TERA,COMFORT TSI,1.0-12V,Combustão,A - 6,F,19.0,152.0,A,101.0,1.62,A,0.0,0.0,False
Utilitário Esportivo Compacto,VW,TERA,HIGH TSI,1.0-12V,Combustão,A - 6,F,19.0,152.0,A,101.0,1.62,A,0.0,0.0,False
Utilitário Esportivo Compacto,VW,TERA,TSI,1.0-12V,Combustão,M - 5,F,16.0,158.0,A,97.0,1.56,A,0.0,0.0,False
Utilitário Esportivo Compacto 4x4,VOLVO,EX30,C COUNTRY,Elétrico,Elétrico,A-1,E,,0.0,A,0.0,0.57,A,0.0,,False
Utilitário Esportivo Grande,BMW,X1,S20i X Line,2.0 - 16V,Combustão,A-7,G,9.0,237.0,A,117.0,1.9,B,0.0,0.0,False
Utilitário Esportivo Grande,BMW,X1,S20i M Sport,2.0 - 16V,Combustão,A-7,G,8.0,225.0,A,118.0,1.91,B,0.0,0.0,False
Utilitário Esportivo Grande,BMW,X1,S20i GP,2.0 - 16V,Combustão,A-7,G,9.0,237.0,A,117.0,1.9,B,0.0,0.0,False
Utilitário Esportivo Grande,BMW,X2,xDrive20i MSP,2.0 - 16V,Combustão,A-7,G,9.0,222.0,A,121.0,1.97,C,0.0,0.0,False
Utilitário Esportivo Grande,BYD,YUAN PLUS,GL310 EV,Elétrico,Elétrico,N.A.,E,0.0,0.0,A,0.0,0.56,A,0.0,0.0,False
Utilitário Esportivo Grande,BYD,YUAN PLUS,GS310 EV,Elétrico,Elétrico,N.A.,E,0.0,0.0,A,0.0,0.56,A,0.0,0.0,False
Utilitário Esportivo Grande,CAOA CHERY,TIGGO 7,PRO HA,1.5T -16V,Híbrido,CVT,F,25.0,133.0,A,118.0,1.9,B,0.0,0.0,False
Utilitário Esportivo Grande,CAOA CHERY,TIGGO 7,SPORT,1.5T -16V,Combustão,CVT,F,35.0,222.0,B,123.0,2.05,D,0.0,0.0,False
Utilitário Esportivo Grande,CAOA CHERY,TIGGO 7,PRO 16TA,1.6T-16V,Combustão,DCT-7,G,38.0,148.0,B,119.0,1.93,C,0.0,0.0,False
Utilitário Esportivo Grande,CAOA CHERY,TIGGO 8,16TA,1.6T - 16V,Combustão,DCT-7,G,31.0,106.0,A,123.0,1.99,C,0.0,0.0,False
Utilitário Esportivo Grande,CAOA CHERY,TIGGO 8,PHEV,1.5T - 16V,Plug-in,DHT,G,8.0,69.0,A,115.0,0.66,A,0.0,0.0,False
Utilitário Esportivo Grande,GAC,GS3,ELITE,1.5-16V,Combustão,DCT-7,G,35.0,228.0,A,125.0,2.02,D,0.0,0.0,False
Utilitário Esportivo Grande,GAC,GS3,ELITE PLUS,1.5-16V,Combustão,DCT-7,G,35.0,228.0,A,125.0,2.02,D,0.0,0.0,False
Utilitário Esportivo Grande,GAC,GS4,PREMIUM,2.0-16V,Híbrido,DHT-2,G,24.0,117.0,A,101.0,1.64,A,0.0,0.0,False
Utilitário Esportivo Grande,GAC,GS4,ELITE,2.0-16V,Híbrido,DHT-2,G,24.0,117.0,A,101.0,1.64,A,0.0,0.0,False
Utilitário Esportivo Grande,GWM,WEY,07,1.5 - 16V,Plug-in,A-4,G,36.0,21.0,A,134.0,0.83,A,0.0,0.0,False
Utilitário Esportivo Grande,GWM,HAVAL H6,HEV ONE (MY26),1.5-16V,Híbrido,DHT - 2,G,32.0,126.0,A,100.0,1.63,A,0.0,0.0,False
Utilitário Esportivo Grande,GWM,HAVAL H6,HEV2 (MY26),1.5-16V,Híbrido,DHT - 2,G,32.0,126.0,A,100.0,1.63,A,0.0,0.0,False
Utilitário Esportivo Grande,GWM,HAVAL H6,PHEV19 (MY26),1.5-16V,Plug-in,DHT - 2,G,35.0,35.0,A,104.0,0.64,A,0.0,0.0,False
Utilitário Esportivo Grande,GWM,HAVAL H6,PHEV35 (MY26),1.5-16V,Plug-in,DHT - 2,G,29.0,18.0,A,116.0,0.74,A,0.0,0.0,False
Utilitário Esportivo Grande,GWM,HAVAL H6,GT (MY26),1.5-16V,Plug-in,DHT - 2,G,36.0,23.0,A,115.0,0.74,A,0.0,0.0,False
Utilitário Esportivo Grande,GWM,HAVAL H6,HEV ESP,1.5-16V,Híbrido,DHT - 2,G,32.0,126.0,A,100.0,1.63,A,0.0,0.0,False
Utilitário Esportivo Grande,HONDA,CR-V,TOURING,2.0-16V,Híbrido,CVT,G,12.0,79.0,A,102.0,1.65,A,0.0,0.0,False
Utilitário Esportivo Grande,JEEP,COMMANDER,LIM 7 270,1.3T-16V,Combustão,A-6,F,32.0,206.0,B,127.0,2.05,D,0.0,0.0,False
Utilitário Esportivo Grande,JEEP,COMMANDER,LON 7 270,1.3T-16V,Combustão,A-6,F,32.0,206.0,B,127.0,2.05,D,0.0,0.0,False
Utilitário Esportivo Grande,JEEP,COMMANDER,OVE 7 270,1.3T-16V,Combustão,A-6,F,32.0,206.0,B,127.0,2.05,D,0.0,0.0,False
Utilitário Esportivo Grande,JEEP,COMPASS,LIMITED T,1.3T-16V,Combustão,A-6,F,32.0,179.0,B,124.0,1.97,C,0.0,0.0,False
Utilitário Esportivo Grande,JEEP,COMPASS,LONG T,1.3T-16V,Combustão,A-6,F,32.0,179.0,B,124.0,1.97,C,0.0,0.0,False
Utilitário Esportivo Grande,JEEP,COMPASS,SERIE S T,1.3T-16V,Combustão,A-6,F,32.0,179.0,B,124.0,1.97,C,0.0,0.0,False
Utilitário Esportivo Grande,JEEP,COMPASS,SPORT T,1.3T-16V,Combustão,A-6,F,32.0,179.0,B,124.0,1.97,C,0.0,0.0,False
Utilitário Esportivo Grande,KIA,SPORTAGE,TMHEV EX,1.6 - 16V,Híbrido,DCT-7,G,35.0,175.0,A,103.0,1.68,A,0.0,0.0,False
Utilitário Esportivo Grande,KIA,SPORTAGE,TMHEV LX,1.6 - 16V,Híbrido,DCT-7,G,35.0,175.0,A,103.0,1.68,A,0.0,0.0,False
Utilitário Esportivo Grande,KIA,SPORTAGE,TMHEV SX,1.6 - 16V,Híbrido,DCT-7,G,35.0,175.0,A,103.0,1.68,A,0.0,0.0,False
Utilitário Esportivo Grande,KIA,SPORTAGE,TMHEV GT,1.6 - 16V,Híbrido,DCT-7,G,35.0,175.0,A,103.0,1.68,A,0.0,0.0,False
Utilitário Esportivo Grande,KIA,SPORTAGE,TMHEV EXP,1.6 - 16V,Híbrido,DCT-7,G,35.0,175.0,A,103.0,1.68,A,0.0,0.0,False
Utilitário Esportivo Grande,Mitsubishi,Eclipse Cross,RUSH,1.5T-16V,Combustão,CVT,G,19.0,169.0,A,126.0,2.03,D,0.0,0.0,False
Utilitário Esportivo Grande,Mitsubishi,Eclipse Cross,HPE,1.5T-16V,Combustão,CVT,G,19.0,169.0,A,126.0,2.03,D,0.0,0.0,False
Utilitário Esportivo Grande,Mitsubishi,Eclipse Cross,HPE BLACK,1.5T-16V,Combustão,CVT,G,19.0,169.0,A,126.0,2.03,D,0.0,0.0,False
Utilitário Esportivo Grande,Mitsubishi,Eclipse Cross,HPE-S,1.5T-16V,Combustão,CVT,G,19.0,169.0,A,126.0,2.03,D,0.0,0.0,False
Utilitário Esportivo Grande,Renault,DUSTER,DUSTER ICO16 CVT,1.6-16V,Combustão,CVT,F,59.0,406.0,C,121.0,1.94,C,0.0,0.0,False
Utilitário Esportivo Grande,Renault,DUSTER,DUSTER ICOP CVT,1.6-16V,Combustão,CVT,F,59.0,406.0,C,121.0,1.94,C,0.0,0.0,False
Utilitário Esportivo Grande,Renault,DUSTER,DUSTERINT16 CVT,1.6-16V,Combustão,CVT,F,59.0,406.0,C,121.0,1.94,C,0.0,0.0,False
Utilitário Esportivo Grande,Renault,DUSTER,DUSTER INTP CVT,1.6-16V,Combustão,CVT,F,59.0,406.0,C,121.0,1.94,C,0.0,0.0,False
Utilitário Esportivo Grande,Renault,DUSTER,DUSTER LIF16 CVT,1.6-16V,Combustão,CVT,F,59.0,406.0,C,121.0,1.94,C,0.0,0.0,False
Utilitário Esportivo Grande,Renault,DUSTER,DUSTER ZEN16 CVT,1.6-16V,Combustão,CVT,F,59.0,406.0,C,121.0,1.94,C,0.0,0.0,False
Utilitário Esportivo Grande,Renault,DUSTER,DUSTER INT 16,1.6-16V,Combustão,M-5,F,44.0,654.0,C,115.0,1.88,B,0.0,0.0,False
Utilitário Esportivo Grande,Renault,DUSTER,DUSTER INTP MT,1.6-16V,Combustão,M-5,F,44.0,654.0,C,115.0,1.88,B,0.0,0.0,False
Utilitário Esportivo Grande,Renault,DUSTER,DUSTER ZEN 16,1.6-16V,Combustão,M-5,F,44.0,654.0,C,115.0,1.88,B,0.0,0.0,False
Utilitário Esportivo Grande,Renault,DUSTER,DUSTER ICO TCE,1.3-16V,Combustão,CVT,F,20.0,201.0,A,117.0,1.89,B,0.0,0.0,False
Utilitário Esportivo Grande,Renault,DUSTER,DUSTER ICOUT TCE,1.3-16V,Combustão,CVT,F,20.0,201.0,A,117.0,1.89,B,0.0,0.0,False
Utilitário Esportivo Grande,Renault,DUSTER,DUSTER ZEN13TCE,1.3-16V,Combustão,CVT,F,20.0,201.0,A,117.0,1.89,B,0.0,0.0,False
Utilitário Esportivo Grande,Renault,BOREAL,EVO,1.3-16V,Combustão,DCT-6,F,33.0,298.0,B,110.0,1.79,A,0.0,0.0,False
Utilitário Esportivo Grande,Renault,BOREAL,TECH,1.3-16V,Combustão,DCT-6,F,33.0,298.0,B,110.0,1.79,A,0.0,0.0,False
Utilitário Esportivo Grande,Renault,BOREAL,ICO,1.3-16V,Combustão,DCT-6,F,33.0,298.0,B,110.0,1.79,A,0.0,0.0,False
Utilitário Esportivo Grande,VOLVO,EX40,6 CORE,Elétrico,Elétrico,A-1,E,,0.0,A,0.0,0.55,A,0.0,,False
Utilitário Esportivo Grande,VOLVO,EX40,6 PLUS,Elétrico,Elétrico,A-1,E,,0.0,A,0.0,0.55,A,0.0,,False
Utilitário Esportivo Grande,VOLVO,EX40,6 ULTRA,Elétrico,Elétrico,A-1,E,,0.0,A,0.0,0.55,A,0.0,,False
Utilitário Esportivo Grande,VW,TAOS,HIGHLINE 250TSI AUTOMÁTICO,1.4 - 16V,Combustão,A - 8,F,14.0,66.0,A,112.0,1.81,A,0.0,0.0,False
Utilitário Esportivo Grande,VW,TAOS,"COMFORTLINE 250TSI
AUTOMÁTICO",1.4 - 16V,Combustão,A - 8,F,14.0,66.0,A,112.0,1.81,A,0.0,0.0,False
Utilitário Esportivo Grande,ZEEKR,X,Premium,Elétrico,Elétrico,A,E,,,A,,0.55,A,,,False
Utilitário Esportivo Grande 4x4,BMW,X3,M50i,3.0 - 24V,Híbrido,A-8,G,8.0,146.0,A,133.0,2.16,C,0.0,0.0,False
Utilitário Esportivo Grande 4x4,BMW,X3,30 XDRIVE,2.0 - 16V,Híbrido,A-8,G,3.0,309.0,A,121.0,1.96,C,0.0,0.0,False
Utilitário Esportivo Grande 4x4,BMW,X5,xDrive50e MSP,3.0 - 24V,Plug-in,A-8,G,8.0,21.0,A,143.0,0.88,A,0.0,0.0,False
Utilitário Esportivo Grande 4x4,BMW,X5,xDrive50e XLINE,3.0 - 24V,Plug-in,A-8,G,8.0,21.0,A,143.0,0.88,A,0.0,0.0,False
Utilitário Esportivo Grande 4x4,BMW,X6,xDrive40i MSP,3.0 - 24V,Híbrido,A-8,G,7.0,99.0,A,144.0,2.33,C,0.0,0.0,False
Utilitário Esportivo Grande 4x4,BMW,X6,40I MSP DARK ED,3.0 - 24V,Híbrido,A-8,G,7.0,99.0,A,144.0,2.33,C,0.0,0.0,False
Utilitário Esportivo Grande 4x4,BMW,X7,xDrive40i,3.0 - 24V,Híbrido,A-8,G,8.0,247.0,A,164.0,2.66,D,0.0,0.0,False
Utilitário Esportivo Grande 4x4,Mercedes-Benz,GLC300 4M,,2.0-16V,Híbrido,A-9,G,20.0,104.0,A,134.0,2.11,C,0.0,0.0,False
Utilitário Esportivo Grande 4x4,Mercedes-Benz,GLC300 4M,CO,2.0-16V,Híbrido,A-9,G,20.0,104.0,A,134.0,2.11,C,0.0,0.0,False
Utilitário Esportivo Grande 4x4,Mercedes-Benz,GLE450D,AMGL,3.0-24V,Híbrido,A-9,D,13.0,88.0,A,,2.32,C,0.0,0.0,False
Utilitário Esportivo Grande 4x4,Mercedes-Benz,GLE450D,CO AMGL,3.0-24V,Híbrido,A-9,D,13.0,88.0,A,,2.32,C,0.0,0.0,False
Utilitário Esportivo Grande 4x4,Mitsubishi,Eclipse Cross,HPE-S S-AWC,1.5T-16V,Combustão,CVT,G,24.0,149.0,A,125.0,2.03,C,0.0,0.0,False
Utilitário Esportivo Grande 4x4,Mitsubishi,Eclipse Cross,HPE-S BLACK S-AWC,1.5T-16V,Combustão,CVT,G,24.0,149.0,A,125.0,2.03,C,0.0,0.0,False
Utilitário Esportivo Grande 4x4,PORSCHE,CAYENNE,GT COUPE,4.0-32V,Combustão,A-8,G,31.0,98.0,A,211.0,3.44,E,0.0,0.0,False
Utilitário Esportivo Grande 4x4,PORSCHE,CAYENNE,PHEV,3.0-24V,Plug-in,A-8,G,9.0,86.0,A,35.0,1.04,A,0.0,0.0,False
Utilitário Esportivo Grande 4x4,PORSCHE,CAYENNE,CP PHE,3.0-24V,Plug-in,A-8,G,9.0,86.0,A,35.0,1.04,A,0.0,0.0,False
Utilitário Esportivo Grande 4x4,PORSCHE,CAYENNE,CPH BE,3.0-24V,Plug-in,A-8,G,9.0,86.0,A,35.0,1.04,A,0.0,0.0,False
Utilitário Esportivo Grande 4x4,PORSCHE,CAYENNE,PH BE,3.0-24V,Plug-in,A-8,G,9.0,86.0,A,35.0,1.04,A,0.0,0.0,False
Utilitário Esportivo Grande 4x4,PORSCHE,CAYENNE,COUPE,3.0-24V,Combustão,A-8,G,35.0,84.0,A,183.0,2.98,D,0.0,0.0,False
Utilitário Esportivo Grande 4x4,PORSCHE,CAYENNE,V6,3.0-24V,Combustão,A-8,G,35.0,84.0,A,183.0,2.98,D,0.0,0.0,False
Utilitário Esportivo Grande 4x4,PORSCHE,CAYENNE,T PHEV,4.0-32V,Plug-in,A-8,G,3.0,42.0,A,24.0,1.01,A,0.0,0.0,False
Utilitário Esportivo Grande 4x4,PORSCHE,CAYENNE,TCPHEV,4.0-32V,Plug-in,A-8,G,3.0,42.0,A,24.0,1.01,A,0.0,0.0,False
Utilitário Esportivo Grande 4x4,PORSCHE,CAYENNE,GTP,4.0-32V,Combustão,A-8,G,20.0,123.0,A,206.0,3.34,E,0.0,0.0,False
Utilitário Esportivo Grande 4x4,PORSCHE,CAYENNE,GTS CP,4.0-32V,Combustão,A-8,G,20.0,123.0,A,206.0,3.34,E,0.0,0.0,False
Utilitário Esportivo Grande 4x4,PORSCHE,CAYENNE,S,4.0-32V,Combustão,A-8,G,20.0,87.0,A,206.0,3.33,E,0.0,0.0,False
Utilitário Esportivo Grande 4x4,PORSCHE,CAYENNE,S CP,4.0-32V,Combustão,A-8,G,20.0,87.0,A,206.0,3.33,E,0.0,0.0,False
Utilitário Esportivo Grande 4x4,PORSCHE,CAYENNE,S PHEV,3.0-24V,Plug-in,A-8,G,5.0,49.0,A,30.0,0.98,A,0.0,0.0,False
Utilitário Esportivo Grande 4x4,PORSCHE,CAYENNE,SCPHEV,3.0-24V,Plug-in,A-8,G,5.0,49.0,A,30.0,0.98,A,0.0,0.0,False
Utilitário Esportivo Grande 4x4,PORSCHE,CAYENNE,SCPHBE,3.0-24V,Plug-in,A-8,G,5.0,49.0,A,30.0,0.98,A,0.0,0.0,False
Utilitário Esportivo Grande 4x4,PORSCHE,CAYENNE,SPH BE,3.0-24V,Plug-in,A-8,G,5.0,49.0,A,30.0,0.98,A,0.0,0.0,False
Utilitário Esportivo Grande 4x4,VOLVO,XC60,INSC EXPRESS,2.0-16V,Plug-in,A,G,2.0,57.0,A,32.0,0.86,A,0.0,0.0,False
Utilitário Esportivo Grande 4x4,VOLVO,XC60,T8 CORE,2.0-16V,Plug-in,A,G,2.0,57.0,A,32.0,0.86,A,0.0,0.0,False
Utilitário Esportivo Grande 4x4,VOLVO,XC60,T8 INSCRIPT,2.0-16V,Plug-in,A,G,2.0,57.0,A,32.0,0.86,A,0.0,0.0,False
Utilitário Esportivo Grande 4x4,VOLVO,XC60,T8 MOMENTUM,2.0-16V,Plug-in,A,G,2.0,57.0,A,32.0,0.86,A,0.0,0.0,False
Utilitário Esportivo Grande 4x4,VOLVO,XC60,T8 PLUS,2.0-16V,Plug-in,A,G,2.0,57.0,A,32.0,0.86,A,0.0,0.0,False
Utilitário Esportivo Grande 4x4,VOLVO,XC60,T8 POLESTAR,2.0-16V,Plug-in,A,G,2.0,57.0,A,32.0,0.86,A,0.0,0.0,False
Utilitário Esportivo Grande 4x4,VOLVO,XC60,T8 R-DESIGN,2.0-16V,Plug-in,A,G,2.0,57.0,A,32.0,0.86,A,0.0,0.0,False
Utilitário Esportivo Grande 4x4,VOLVO,XC60,T8 ULT DARK,2.0-16V,Plug-in,A,G,2.0,57.0,A,32.0,0.86,A,0.0,0.0,False
Utilitário Esportivo Grande 4x4,VOLVO,XC60,T8 ULTIMATE,2.0-16V,Plug-in,A,G,2.0,57.0,A,32.0,0.86,A,0.0,0.0,False
Utilitário Esportivo Grande 4x4,VOLVO,XC60,T8 ULTRA,2.0-16V,Plug-in,A,G,2.0,57.0,A,32.0,0.86,A,0.0,0.0,False
Utilitário Esportivo Grande 4x4,VOLVO,XC90,INSC EXPRESS,2.0-16V,Plug-in,A,G,2.0,58.0,A,34.0,0.88,A,0.0,0.0,False
Utilitário Esportivo Grande 4x4,VOLVO,XC90,T8 CORE,2.0-16V,Plug-in,A,G,2.0,58.0,A,34.0,0.88,A,0.0,0.0,False
Utilitário Esportivo Grande 4x4,VOLVO,XC90,T8 EXCELLEN,2.0-16V,Plug-in,A,G,2.0,58.0,A,34.0,0.88,A,0.0,0.0,False
Utilitário Esportivo Grande 4x4,VOLVO,XC90,T8 INSCRIPT,2.0-16V,Plug-in,A,G,2.0,58.0,A,34.0,0.88,A,0.0,0.0,False
Utilitário Esportivo Grande 4x4,VOLVO,XC90,T8 MOMENTUM,2.0-16V,Plug-in,A,G,2.0,58.0,A,34.0,0.88,A,0.0,0.0,False
Utilitário Esportivo Grande 4x4,VOLVO,XC90,T8 PLUS,2.0-16V,Plug-in,A,G,2.0,58.0,A,34.0,0.88,A,0.0,0.0,False
Utilitário Esportivo Grande 4x4,VOLVO,XC90,T8 POLESTAR,2.0-16V,Plug-in,A,G,2.0,58.0,A,34.0,0.88,A,0.0,0.0,False
Utilitário Esportivo Grande 4x4,VOLVO,XC90,T8 R-DESIGN,2.0-16V,Plug-in,A,G,2.0,58.0,A,34.0,0.88,A,0.0,0.0,False
Utilitário Esportivo Grande 4x4,VOLVO,XC90,T8 ULT DARK,2.0-16V,Plug-in,A,G,2.0,58.0,A,34.0,0.88,A,0.0,0.0,False
Utilitário Esportivo Grande 4x4,VOLVO,XC90,T8 ULTIMATE,2.0-16V,Plug-in,A,G,2.0,58.0,A,34.0,0.88,A,0.0,0.0,False
Utilitário Esportivo Grande 4x4,VOLVO,XC90,T8 ULTRA,2.0-16V,Plug-in,A,G,2.0,58.0,A,34.0,0.88,A,0.0,0.0,False
Utilitário Esportivo Grande 4x4,VOLVO,XC90,T8 AWD PLUS,2.0-16V,Plug-in,A,G,2.0,58.0,A,34.0,0.88,A,0.0,0.0,False
Utilitário Esportivo Grande 4x4,VOLVO,XC90,T8 AWD ULT,2.0-16V,Plug-in,A,G,2.0,58.0,A,34.0,0.88,A,0.0,0.0,False
Utilitário Esportivo Grande 4x4,VOLVO,XC90,T8 AWD ULTD,2.0-16V,Plug-in,A,G,2.0,58.0,A,34.0,0.88,A,0.0,0.0,False
Utilitário Esportivo Grande 4x4,VOLVO,XC90,AWD ULT BLA,2.0-16V,Plug-in,A,G,2.0,58.0,A,34.0,0.88,A,0.0,0.0,False
Utilitário Esportivo Grande 4x4,VOLVO,EX90,ULTRA TWIN,Elétrico,Elétrico,A-1,E,,0.0,A,0.0,0.68,A,0.0,,False
Utilitário Esportivo Grande 4x4,VOLVO,EX90,PLUS TWIN,Elétrico,Elétrico,A-1,E,,0.0,A,0.0,0.68,A,0.0,,False
Utilitário Esportivo Grande 4x4,VOLVO,EX90,ULT TWIN PER,Elétrico,Elétrico,A-1,E,,0.0,A,0.0,0.68,A,0.0,,False
Utilitário Esportivo Grande 4x4,VOLVO,EX40,8 CORE,Elétrico,Elétrico,A-1,E,,0.0,A,0.0,0.59,A,0.0,,False
Utilitário Esportivo Grande 4x4,VOLVO,EX40,8 PLUS,Elétrico,Elétrico,A-1,E,,0.0,A,0.0,0.59,A,0.0,,False
Utilitário Esportivo Grande 4x4,VOLVO,EX40,8 ULTRA,Elétrico,Elétrico,A-1,E,,0.0,A,0.0,0.59,A,0.0,,False
Utilitário Esportivo Grande 4x4,VOLVO,EX40,PERF BLACK,Elétrico,Elétrico,A-1,E,,0.0,A,0.0,0.59,A,0.0,,False
Utilitário Esportivo Grande 4x4,VOLVO,EX40,PERF ULTRA,Elétrico,Elétrico,A-1,E,,0.0,A,0.0,0.59,A,0.0,,False
Utilitário Esportivo Grande 4x4,ZEEKR,X,Flagship,Elétrico,Elétrico,A,E,,,A,,0.59,A,,,False
Fora de Estrada Compacto,JEEP,RENEGADE,S T2704X4T,1.3T-16V,Combustão,A-9,F,34.0,197.0,B,142.0,2.28,D,0.0,0.0,False
Fora de Estrada Compacto,JEEP,RENEGADE,TRAIL 4x4,1.3T-16V,Combustão,A-9,F,34.0,197.0,B,142.0,2.28,D,0.0,0.0,False
Fora de Estrada Compacto,JEEP,RENEGADE,WILLYS 4x4,1.3T-16V,Combustão,A-9,F,34.0,197.0,B,142.0,2.28,D,0.0,0.0,False
Fora de Estrada Grande,CHEVROLET,TRAILBLAZER,HIGH COUNTRY,2.8 - 16V,Combustão,A-8,D,228.0,26.0,B,,2.63,D,0.0,280.0,True
Fora de Estrada Grande,CHEVROLET,TRAILBLAZER,LT,2.8 - 16V,Combustão,A-8,D,228.0,26.0,B,,2.63,D,0.0,280.0,True
Fora de Estrada Grande,DENZA,B5,GS DM,1.5-16V,Plug-in,A-1,G,8.0,11.0,A,20.0,0.93,A,0.0,0.0,False
Fora de Estrada Grande,GWM,TANK 300,PHEV,2.0 -16V,Plug-in,A-9,G,73.0,264.0,B,179.0,1.09,A,0.0,21.67,True
Fora de Estrada Grande,GWM,HAVAL H9,EXC,2.4- 16V,Combustão,A-9,D,65.0,23.0,A,,2.83,E,0.0,8.33,True
Fora de Estrada Grande,JEEP,COMMANDER,BLA 2.0 G,2.0T-16V,Combustão,A-9,G,24.0,181.0,A,153.0,2.48,C,0.0,0.0,False
Fora de Estrada Grande,JEEP,COMMANDER,OVE 2.0 G,2.0T-16V,Combustão,A-9,G,24.0,181.0,A,153.0,2.48,C,0.0,0.0,False
Fora de Estrada Grande,JEEP,COMPASS,BLACKHAWK,2.0T-16V,Combustão,A-9,G,22.0,115.0,A,146.0,2.36,B,0.0,0.0,False
Fora de Estrada Grande,JEEP,COMPASS,LONGIT 2.0T,2.0T-16V,Combustão,A-9,G,22.0,115.0,A,146.0,2.36,B,0.0,0.0,False
Fora de Estrada Grande,JEEP,COMPASS,OVERLA 2.0T,2.0T-16V,Combustão,A-9,G,22.0,115.0,A,146.0,2.36,B,0.0,0.0,False
Fora de Estrada Grande,JEEP,WRANGLER,UNL RUBI,2.0T-16V,Combustão,A-8,G,43.0,149.0,A,187.0,3.03,E,0.0,0.0,False
Fora de Estrada Grande,LAND ROVER,RANGE ROVER,PHEV SV,3.0-24V,Plug-in,A-8,G,1.0,42.0,A,173.0,1.12,A,0.0,0.0,False
Fora de Estrada Grande,LAND ROVER,RANGE ROVER,PHEV SE,3.0-24V,Plug-in,A-8,G,1.0,42.0,A,173.0,1.12,A,0.0,0.0,False
Fora de Estrada Grande,LAND ROVER,RANGE ROVER,PHEV HSE,3.0-24V,Plug-in,A-8,G,1.0,42.0,A,173.0,1.12,A,0.0,0.0,False
Fora de Estrada Grande,LAND ROVER,RANGE ROVER,PHEV AB,3.0-24V,Plug-in,A-8,G,1.0,42.0,A,173.0,1.12,A,0.0,0.0,False
Fora de Estrada Grande,LAND ROVER,DEFENDER 90 D350,HSE XD,3.0-24V,Híbrido,A-8,D,36.0,54.0,A,,2.78,D,0.0,0.0,False
Fora de Estrada Grande,LAND ROVER,DEFENDER 130 D350,X,3.0-24V,Híbrido,A-8,D,35.0,71.0,A,,2.73,D,0.0,0.0,False
Fora de Estrada Grande,LAND ROVER,DEFENDER 130 D350,X7L,3.0-24V,Híbrido,A-8,D,35.0,71.0,A,,2.73,D,0.0,0.0,False
Fora de Estrada Grande,LAND ROVER,VELAR,PHEV AB,2.0-16V,Plug-in,A-8,G,24.0,241.0,A,156.0,0.92,A,0.0,0.0,False
Fora de Estrada Grande,LAND ROVER,DEFENDER 110 D350,TROPHY,3.0-24V,Híbrido,A-8,D,36.0,54.0,A,,2.78,D,0.0,0.0,False
Fora de Estrada Grande,LAND ROVER,DEFENDER 110 D350,HSEXD 7L,3.0-24V,Híbrido,A-8,D,36.0,54.0,A,,2.78,D,0.0,0.0,False
Fora de Estrada Grande,LAND ROVER,DEFENDER 110 D350,X 7L,3.0-24V,Híbrido,A-8,D,36.0,54.0,A,,2.78,D,0.0,0.0,False
Fora de Estrada Grande,LAND ROVER,DISCOVERY,D350 LE,3.0-24V,Híbrido,A-8,D,32.0,124.0,A,,2.59,C,0.0,0.0,False
Fora de Estrada Grande,LAND ROVER,DISCOVERY,D350 TEMPEST,3.0-24V,Híbrido,A-8,D,32.0,124.0,A,,2.59,C,0.0,0.0,False
Fora de Estrada Grande,LAND ROVER,RANGE ROVER SPORT,PHEV S,3.0-24V,Plug-in,A-8,G,1.0,42.0,A,173.0,1.12,A,0.0,0.0,False
Fora de Estrada Grande,LAND ROVER,RANGE ROVER SPORT,PHEV SE,3.0-24V,Plug-in,A-8,G,1.0,42.0,A,173.0,1.12,A,0.0,0.0,False
Fora de Estrada Grande,LAND ROVER,RANGE ROVER SPORT,PHEV SED,3.0-24V,Plug-in,A-8,G,1.0,42.0,A,173.0,1.12,A,0.0,0.0,False
Fora de Estrada Grande,LAND ROVER,RANGE ROVER SPORT,PHEV HSED,3.0-24V,Plug-in,A-8,G,1.0,42.0,A,173.0,1.12,A,0.0,0.0,False
Fora de Estrada Grande,LAND ROVER,RANGE ROVER SPORT,PHEV AB,3.0-24V,Plug-in,A-8,G,1.0,42.0,A,173.0,1.12,A,0.0,0.0,False
Fora de Estrada Grande,LAND ROVER,EVOQUE,P250FF AB,2.0-16V,Combustão,A-9,F,15.0,357.0,A,167.0,2.71,D,0.0,0.0,False
Fora de Estrada Grande,LAND ROVER,DISCOVERY SPORT,P250FF LE,2.0-16V,Combustão,A-9,F,13.0,423.0,A,169.0,2.74,D,0.0,0.0,False
Fora de Estrada Grande,LAND ROVER,DISCOVERY SPORT,P250FF LE 7L,2.0-16V,Combustão,A-9,F,13.0,423.0,A,169.0,2.74,D,0.0,0.0,False
Fora de Estrada Grande,LAND ROVER,DISCOVERY SPORT,P250FF SE D,2.0-16V,Combustão,A-9,F,13.0,423.0,A,169.0,2.74,D,0.0,0.0,False
Fora de Estrada Grande,LAND ROVER,DISCOVERY SPORT,P250FF SED7L,2.0-16V,Combustão,A-9,F,13.0,423.0,A,169.0,2.74,D,0.0,0.0,False
Fora de Estrada Grande,Mercedes-Benz,AMG G63,MFKT,4.0-32V,Híbrido,A-9,G,18.0,93.0,A,246.0,4.0,E,0.0,0.0,False
Fora de Estrada Grande,Mercedes-Benz,AMG G63 4M,GRD,4.0-32V,Híbrido,A-9,G,22.0,127.0,A,244.0,3.95,E,0.0,0.0,False
Fora de Estrada Grande,Mercedes-Benz,G580 EQ,,Elétrico,Elétrico,A-1,E,,,A,,0.88,A,,,False
Fora de Estrada Grande,TOYOTA,SW4 DIESEL 4X4,DIAMOND AT,2.8-16V,Combustão,A-6,D,81.0,29.0,A,,2.74,D,0.0,35.0,True
Fora de Estrada Grande,TOYOTA,SW4 DIESEL 4X4,SRX PLATINUM AT,2.8-16V,Combustão,A-6,D,81.0,29.0,A,,2.74,D,0.0,35.0,True
Minivan,CHEVROLET,SPIN,LTZ,1.8L - 8V,Combustão,A-6,F,46.0,800.0,C,119.0,1.92,D,14.29,0.0,True
Minivan,CHEVROLET,SPIN,PREMIER,1.8L - 8V,Combustão,A-6,F,46.0,800.0,C,119.0,1.92,D,14.29,0.0,True
Minivan,KIA,CARNIVAL,HEV EX,16 - 16V,Híbrido,DCT-6,G,3.0,89.0,A,120.0,1.95,D,0.0,0.0,False
Minivan,KIA,CARNIVAL,HEV LX,16 - 16V,Híbrido,DCT-6,G,3.0,89.0,A,120.0,1.95,D,0.0,0.0,False
Minivan,KIA,CARNIVAL,HEV SX,16 - 16V,Híbrido,DCT-6,G,3.0,89.0,A,120.0,1.95,D,0.0,0.0,False
Comercial,BYD,ET3,---,Elétrico,Elétrico,N.A.,E,0.0,0.0,A,0.0,0.71,A,0.0,0.0,False
Comercial,CHEVROLET,ONIX,LOG,1.0 - 12 V,Combustão,M-6,F,37.0,183.0,B,90.0,1.45,A,0.0,0.0,False
Comercial,CITROEN,E-JUMPY,CARGO,ELÉTRICO,Elétrico,A-1,E,,,A,,0.75,A,,,False
Comercial,CITROEN,JUMPER,COMFORT,2.2T-16V,Combustão,M-6,D,77.0,21.0,A,,2.57,C,0.0,28.33,True
Comercial,CITROEN,JUMPER,MB16,2.2T-16V,Combustão,M-6,D,77.0,21.0,A,,2.57,C,0.0,28.33,True
Comercial,CITROEN,JUMPER,CARGOPK,2.2T-16V,Combustão,M-6,D,64.0,31.0,A,,2.52,B,0.0,6.67,True
Comercial,CITROEN,JUMPER,FURG PK,2.2T-16V,Combustão,M-6,D,64.0,31.0,A,,2.52,B,0.0,6.67,True
Comercial,CITROEN,JUMPER,VITRE,2.2T-16V,Combustão,M-6,D,66.0,33.0,A,,2.47,B,0.0,10.0,True
Comercial,CITROEN,JUMPER,L3H2AMB,2.2T-16V,Combustão,M-6,D,64.0,31.0,A,,2.52,B,0.0,6.67,True
Comercial,CITROEN,JUMPY,CARGO,2.2T-16V,Combustão,M-6,D,64.0,61.0,A,,2.05,A,0.0,6.67,True
Comercial,CITROEN,JUMPY,VITRE,2.2T-16V,Combustão,M-6,D,64.0,61.0,A,,2.05,A,0.0,6.67,True
Comercial,FARIZON,V6E,--,Elétrico,Elétrico,A-1,E,,,A,,0.72,A,,,False
Comercial,FARIZON,SV,AIR 11M3,Elétrico,Elétrico,A-1,E,,,A,,0.92,A,,,False
Comercial,FARIZON,SV,AIR PRO11M3,Elétrico,Elétrico,A-1,E,,,A,,0.92,A,,,False
Comercial,FARIZON,SV,LUX 11M3,Elétrico,Elétrico,A-1,E,,,A,,0.92,A,,,False
Comercial,FARIZON,SV,LUX PRO11M3,Elétrico,Elétrico,A-1,E,,,A,,0.92,A,,,False
Comercial,FARIZON,SV,AIR 8M3,Elétrico,Elétrico,A-1,E,,,A,,0.84,A,,,False
Comercial,FARIZON,SV,AIR PRO 8M3,Elétrico,Elétrico,A-1,E,,,A,,0.84,A,,,False
Comercial,FARIZON,SV,LUX 8M3,Elétrico,Elétrico,A-1,E,,,A,,0.84,A,,,False
Comercial,FARIZON,SV,LUX PRO 8M3,Elétrico,Elétrico,A-1,E,,,A,,0.84,A,,,False
Comercial,FIAT,DUCATO,MB COMFORT,2.2T-16V,Combustão,M-6,D,77.0,21.0,A,,2.57,C,0.0,28.33,True
Comercial,FIAT,DUCATO,MB LUXO 16,2.2T-16V,Combustão,M-6,D,77.0,21.0,A,,2.57,C,0.0,28.33,True
Comercial,FIAT,DUCATO,L3H2AMB,2.2T-16V,Combustão,M-6,D,64.0,31.0,A,,2.52,B,0.0,6.67,True
Comercial,FIAT,DUCATO,MXCARGO13M,2.2T-16V,Combustão,M-6,D,64.0,31.0,A,,2.52,B,0.0,6.67,True
Comercial,FIAT,DUCATO,FURGAO 13M,2.2T-16V,Combustão,M-6,D,64.0,31.0,A,,2.52,B,0.0,6.67,True
Comercial,FIAT,DUCATO,MULTI 13M,2.2T-16V,Combustão,M-6,D,66.0,33.0,A,,2.47,B,0.0,10.0,True
Comercial,FIAT,E-SCUDO,CARGO,ELÉTRICO,Elétrico,A-1,E,,,A,,0.75,A,,,False
Comercial,FIAT,FIORINO,ENDURANCE,1.3-8V,Combustão,M-5,F,39.0,393.0,B,102.0,1.65,A,0.0,0.0,False
Comercial,FIAT,SCUDO,MULTI TD,2.2T-16V,Combustão,M-6,D,64.0,61.0,A,,2.05,A,0.0,6.67,True
Comercial,FIAT,SCUDO,CARGO TD,2.2T-16V,Combustão,M-6,D,64.0,61.0,A,,2.05,A,0.0,6.67,True
Comercial,FORD,E-Transit,F35MMAB,Elétrico,Elétrico,A-1,E,,,A,,1.02,A,,,False
Comercial,FORD,E-Transit,F35MAAB,Elétrico,Elétrico,A-1,E,,,A,,1.02,A,,,False
Comercial,FORD,E-Transit,F35LMAB,Elétrico,Elétrico,A-1,E,,,A,,1.02,A,,,False
Comercial,FORD,E-Transit,F35LAAB,Elétrico,Elétrico,A-1,E,,,A,,1.02,A,,,False
Comercial,FORD,E-Transit,F35EAAB,Elétrico,Elétrico,A-1,E,,,A,,1.02,A,,,False
Comercial,FORD,E-Transit,C35LBAB,Elétrico,Elétrico,A-1,E,,,A,,1.02,A,,,False
Comercial,FORD,E-Transit,C35EBAB,Elétrico,Elétrico,A-1,E,,,A,,1.02,A,,,False
Comercial,FORD,Transit,F35LAMA,2.0 - 16V,Combustão,M-6,D,34.0,49.0,A,,2.75,C,0.0,0.0,False
Comercial,FORD,Transit,F35MMMA,2.0 - 16V,Combustão,M-6,D,34.0,49.0,A,,2.75,C,0.0,0.0,False
Comercial,FORD,Transit,F35MAMA,2.0 - 16V,Combustão,M-6,D,34.0,49.0,A,,2.75,C,0.0,0.0,False
Comercial,FORD,Transit,F38LAMA,2.0 - 16V,Combustão,M-6,D,34.0,49.0,A,,2.75,C,0.0,0.0,False
Comercial,FOTON,EVIEW,GRAND53,Elétrico,Elétrico,A-1,E,,,A,,0.82,A,,,False
Comercial,FOTON,EWONDER,CHASSI,Elétrico,Elétrico,A-1,E,,,A,,0.58,A,,,False
Comercial,FOTON,EVIEW CONNECT,50S,Elétrico,Elétrico,A-1,E,,,A,,0.69,A,,,False
Comercial,JAC,EJV5.5,CARGO,Elétrico,Elétrico,A-1,E,,,A,,0.63,A,,,False
Comercial,KIA,BONGO K2500 4X4 SC,HD SC 4WD,2.5 - 16V,Combustão,M-6,D,33.0,68.0,A,,3.24,E,0.0,0.0,False
Comercial,KIA,BONGO K2500 4X4 SC,HDDL 4WD,2.5 - 16V,Combustão,M-6,D,33.0,68.0,A,,3.24,E,0.0,0.0,False
Comercial,Mercedes-Benz,320 ESPRINTER,F,Elétrico,Elétrico,A-1,E,,,A,,1.09,A,,,False
Comercial,Mercedes-Benz,320 ESPRINTER,C,Elétrico,Elétrico,A-1,E,,,A,,1.09,A,,,False
Comercial,PEUGEOT,BOXER,16L LUXO,2.2T-16V,Combustão,M-6,D,77.0,21.0,A,,2.57,C,0.0,28.33,True
Comercial,PEUGEOT,BOXER,COMFORT,2.2T-16V,Combustão,M-6,D,77.0,21.0,A,,2.57,C,0.0,28.33,True
Comercial,PEUGEOT,BOXER,CARGO PK,2.2T-16V,Combustão,M-6,D,64.0,31.0,A,,2.52,B,0.0,6.67,True
Comercial,PEUGEOT,BOXER,VIDRADA,2.2T-16V,Combustão,M-6,D,66.0,33.0,A,,2.47,B,0.0,10.0,True
Comercial,PEUGEOT,BOXER,FURGAOPK,2.2T-16V,Combustão,M-6,D,64.0,31.0,A,,2.52,B,0.0,6.67,True
Comercial,PEUGEOT,E-EXPERT,CARGO,ELÉTRICO,Elétrico,A-1,E,,,A,,0.75,A,,,False
Comercial,PEUGEOT,EXPERT,CARGO,2.2T-16V,Combustão,M-6,D,64.0,61.0,A,,2.05,A,0.0,6.67,True
Comercial,PEUGEOT,EXPERT,VITRE,2.2T-16V,Combustão,M-6,D,64.0,61.0,A,,2.05,A,0.0,6.67,True
Comercial,PEUGEOT,PARTRAPID,BUSIPK,1.3-8V,Combustão,M-5,F,39.0,393.0,B,102.0,1.65,A,0.0,0.0,False
Comercial,Renault,MASTER FURGÃO,FURGÃO L1,2.3-16V,Combustão,M-6,D,54.0,80.0,A,,2.63,C,0.0,0.0,False
Comercial,Renault,MASTER FURGÃO,FURGÃO L2,2.3-16V,Combustão,M-6,D,54.0,80.0,A,,2.63,C,0.0,0.0,False
Comercial,Renault,MASTER FURGÃO,FURGÃO L3,2.3-16V,Combustão,M-6,D,54.0,80.0,A,,2.63,C,0.0,0.0,False
Comercial,Renault,MASTER FURGÃO,FURGÃOL1R,2.3-16V,Combustão,M-6,D,54.0,80.0,A,,2.63,C,0.0,0.0,False
Comercial,Renault,MASTER FURGÃO,FURGÃOL2R,2.3-16V,Combustão,M-6,D,54.0,80.0,A,,2.63,C,0.0,0.0,False
Comercial,Renault,MASTER FURGÃO,FURGÃOL3R,2.3-16V,Combustão,M-6,D,54.0,80.0,A,,2.63,C,0.0,0.0,False
Comercial,Renault,MASTER FUGÃO PRÓ,PRÓ L1,2.3-16V,Combustão,M-6,D,39.0,84.0,A,,2.72,C,0.0,0.0,False
Comercial,Renault,MASTER FUGÃO PRÓ,PRÓ L2,2.3-16V,Combustão,M-6,D,39.0,84.0,A,,2.72,C,0.0,0.0,False
Comercial,Renault,MASTER FUGÃO PRÓ,PRÓ L3,2.3-16V,Combustão,M-6,D,39.0,84.0,A,,2.72,C,0.0,0.0,False
Comercial,Renault,MASTER FUGÃO PRÓ,VITPRO3AC,2.3-16V,Combustão,M-6,D,39.0,84.0,A,,2.72,C,0.0,0.0,False
Comercial,Renault,MASTER FUGÃO PRÓ,VITPROL3R,2.3-16V,Combustão,M-6,D,39.0,84.0,A,,2.72,C,0.0,0.0,False
Comercial,Renault,MASTER BUS,MINIBUSL3,2.3-16V,Combustão,M-6,D,34.0,100.0,A,,2.88,D,0.0,0.0,False
Comercial,Renault,MASTER CHASSIS CABINE,CHASSICAB,2.3-16V,Combustão,M-6,D,30.0,128.0,A,,2.69,C,0.0,0.0,False
Comercial,Renault,KANGOO,ADV16,1.6-16V,Combustão,M-5,F,52.0,595.0,C,119.0,1.93,A,0.0,0.0,False
Comercial,Renault,KANGOO,EX PRO,1.6-16V,Combustão,M-5,F,52.0,595.0,C,119.0,1.93,A,0.0,0.0,False
Comercial,Renault,KANGOO,SRT16,1.6-16V,Combustão,M-5,F,52.0,595.0,C,119.0,1.93,A,0.0,0.0,False
Comercial,Renault,KANGOO,ETECHL2,Elétrico,Elétrico,A,E,,,A,,0.6,A,,,False
Comercial,Renault,E-KWID,CARGO,Elétrico,Elétrico,A,E,,,A,,0.44,A,,,False
Comercial,TOYOTA,HIACE,MINIBUS AT DX,2.8-16V,Combustão,A-6,D,80.0,14.0,A,,3.0,E,0.0,33.33,True
Comercial,TOYOTA,HIACE,HIACE CARGO AT DX,2.8-16V,Combustão,A-6,D,93.0,13.0,A,,2.88,D,0.0,55.0,True
Picape Compacta,CHEVROLET,MONTANA,MT,1.2T - 12V,Combustão,M-6,F,19.0,160.0,A,102.0,1.66,B,0.0,0.0,False
Picape Compacta,CHEVROLET,MONTANA,LT,1.2T - 12V,Combustão,M-6,F,19.0,160.0,A,102.0,1.66,B,0.0,0.0,False
Picape Compacta,CHEVROLET,MONTANA,LTZ,1.2T - 12V,Combustão,A-6,F,18.0,118.0,A,111.0,1.8,D,0.0,0.0,False
Picape Compacta,CHEVROLET,MONTANA,PREMIER,1.2T - 12V,Combustão,A-6,F,18.0,118.0,A,111.0,1.8,D,0.0,0.0,False
Picape Compacta,CHEVROLET,MONTANA,RS,1.2T - 12V,Combustão,A-6,F,18.0,118.0,A,111.0,1.8,D,0.0,0.0,False
Picape Compacta,FIAT,STRADA,ENDURAN CS13,1.3-8V,Combustão,M-5,F,39.0,415.0,B,96.0,1.56,A,0.0,0.0,False
Picape Compacta,FIAT,STRADA,FREEDOM CS13,1.3-8V,Combustão,M-5,F,39.0,415.0,B,96.0,1.56,A,0.0,0.0,False
Picape Compacta,FIAT,STRADA,FREEDOM CD13,1.3-8V,Combustão,M-5,F,39.0,417.0,C,98.0,1.59,A,0.0,0.0,False
Picape Compacta,FIAT,STRADA,VOLCANO CD13,1.3-8V,Combustão,M-5,F,38.0,483.0,B,101.0,1.63,B,0.0,0.0,False
Picape Compacta,FIAT,STRADA,VOLCANO 13AT,1.3-8V,Combustão,CVT-7,F,35.0,287.0,B,102.0,1.63,B,0.0,0.0,False
Picape Compacta,FIAT,STRADA,ULTRA T200AT,1.0T-12V,Combustão,CVT-7,F,36.0,344.0,B,107.0,1.73,C,0.0,0.0,False
Picape Compacta,FIAT,STRADA,RANCH T200AT,1.0T-12V,Combustão,CVT-7,F,36.0,344.0,B,107.0,1.73,C,0.0,0.0,False
Picape Compacta,Renault,OROCH,Intense16M,1.6-16V,Combustão,M-6,F,44.0,562.0,C,117.0,1.91,E,0.0,0.0,False
Picape Compacta,Renault,OROCH,PRO 16,1.6-16V,Combustão,M-6,F,44.0,562.0,C,117.0,1.91,E,0.0,0.0,False
Picape Compacta,VW,SAVEIRO,"SAVEIRO CABINE SIMPLES
ROBUST MF",1.6-16V,Combustão,M - 5,F,31.0,177.0,B,112.0,1.83,E,0.0,0.0,False
Picape Compacta,VW,SAVEIRO,"CABINE SIMPLES TRENDLINE
MF",1.6-16V,Combustão,M - 5,F,31.0,177.0,B,112.0,1.83,E,0.0,0.0,False
Picape Compacta,VW,SAVEIRO,CABINE DUPLA ROBUST MF,1.6-16V,Combustão,M - 5,F,28.0,198.0,B,113.0,1.83,E,0.0,0.0,False
Picape Compacta,VW,SAVEIRO,CABINE DUPLA EXTREME MF,1.6-16V,Combustão,M - 5,F,28.0,198.0,B,113.0,1.83,E,0.0,0.0,False
Picape,BYD,SHARK,GS DM,1.5-16V,Plug-in,A-1,G,17.0,22.0,A,22.0,0.91,A,0.0,0.0,False
Picape,BYD,SHARK,GL DM,1.5-16V,Plug-in,A-1,G,17.0,22.0,A,22.0,0.91,A,0.0,0.0,False
Picape,CHEVROLET,S10,Z71 Cabine Dupla,2.8 - 16V,Combustão,A-8,D,34.0,28.0,A,,2.87,E,0.0,0.0,False
Picape,CHEVROLET,S10,WT Cabine Dupla,2.8 - 16V,Combustão,M-6,D,226.0,83.0,B,,2.52,C,0.0,276.67,True
Picape,CHEVROLET,S10,HIGH COUNTRY Cabine Dupla,2.8 - 16V,Combustão,A-8,D,39.0,29.0,A,,2.73,D,0.0,0.0,False
Picape,CHEVROLET,S10,LTZ Cabine Dupla,2.8 - 16V,Combustão,A-8,D,39.0,29.0,A,,2.73,D,0.0,0.0,False
Picape,CHEVROLET,S10,WT Cabine Duple,2.8 - 16V,Combustão,A-8,D,39.0,29.0,A,,2.73,D,0.0,0.0,False
Picape,CHEVROLET,S10,WT Cabine Simples,2.8 - 16V,Combustão,M-6,D,262.0,165.0,B,,2.5,B,0.0,336.67,True
Picape,CHEVROLET,S10,WT Cabine Chassis,2.8 - 16V,Combustão,M-6,D,262.0,165.0,B,,2.5,B,0.0,336.67,True
Picape,CHEVROLET,SILVERADO,HIGH COUNTRY,5.3 V8,Combustão,A-10,G,17.0,375.0,A,214.0,3.48,E,0.0,0.0,False
Picape,FIAT,TITANO,ENDURANCE,2.2T-16V,Combustão,M-6,D,63.0,34.0,A,,2.55,C,0.0,5.0,True
Picape,FIAT,TITANO,VOLCANO,2.2T-16V,Combustão,A-8,D,68.0,16.0,A,,2.62,C,0.0,13.33,True
Picape,FIAT,TITANO,RANCH,2.2T-16V,Combustão,A-8,D,68.0,16.0,A,,2.62,C,0.0,13.33,True
Picape,FIAT,TORO,ENDUR T270 AT,1.3T-16V,Combustão,A-6,F,39.0,149.0,B,130.0,2.1,A,0.0,0.0,False
Picape,FIAT,TORO,FREED T270 AT,1.3T-16V,Combustão,A-6,F,30.0,172.0,B,136.0,2.19,A,0.0,0.0,False
Picape,FIAT,TORO,VOLC T270 AT,1.3T-16V,Combustão,A-6,F,30.0,172.0,B,136.0,2.19,A,0.0,0.0,False
Picape,FIAT,TORO,ULTRA T270 AT,1.3T-16V,Combustão,A-6,F,30.0,172.0,B,136.0,2.19,A,0.0,0.0,False
Picape,FIAT,TORO,RANCH TD450 AT,2.2T-16V,Combustão,A-9,D,63.0,22.0,A,,2.29,A,0.0,5.0,True
Picape,FIAT,TORO,VOLC TD450 AT,2.2T-16V,Combustão,A-9,D,63.0,22.0,A,,2.29,A,0.0,5.0,True
Picape,FIAT,TORO,FREED TD450 AT,2.2T-16V,Combustão,A-9,D,67.0,24.0,A,,2.36,B,0.0,11.67,True
Picape,FORD,Nova Ranger 4x2,Black,2.0 - 16V,Combustão,A-6,D,95.0,55.0,A,,2.45,B,0.0,58.33,True
Picape,FORD,Nova Ranger 4x4,XL,2.0 - 16V,Combustão,M-6,D,93.0,80.0,A,,2.5,B,0.0,55.0,True
Picape,FORD,Nova Ranger 4x4,XLS,2.0 - 16V,Combustão,M-6,D,93.0,80.0,A,,2.5,B,0.0,55.0,True
Picape,FORD,Nova Ranger 4x4,XLS,2.0 - 16V,Combustão,A-6,D,96.0,52.0,A,,2.54,C,0.0,60.0,True
Picape,FORD,Nova Ranger 4x4,LTD,3.0 V6 - 24V,Combustão,A-10,D,73.0,67.0,A,,3.02,E,0.0,21.67,True
Picape,FORD,Nova Ranger 4x4,XLS,3.0 V6 - 24V,Combustão,A-10,D,72.0,73.0,A,,2.93,E,0.0,20.0,True
Picape,FORD,Nova Ranger 4x4,XLT,3.0 V6 - 24V,Combustão,A-10,D,72.0,73.0,A,,2.93,E,0.0,20.0,True
Picape,FORD,Nova Ranger 4x4,LTD+,3.0 V6 - 24V,Combustão,A-10,D,72.0,73.0,A,,2.93,E,0.0,20.0,True
Picape,FORD,Maverick,Tremor,2.0 - 16V,Combustão,A-8,G,11.0,216.0,A,146.0,2.37,B,0.0,0.0,False
Picape,FORD,Nova F150 Tremor,Tremor,5.0 - 32V,Combustão,A-10,G,42.0,274.0,A,209.0,3.39,E,0.0,0.0,False
Picape,FOTON,TUNLAND,V7,2.0-16V,Híbrido,A-8,D,20.0,16.0,A,,2.95,E,0.0,0.0,False
Picape,FOTON,TUNLAND,V9,2.0-16V,Híbrido,A-8,D,20.0,16.0,A,,2.95,E,0.0,0.0,False
Picape,GWM,POER P30,EXC,2.4 - 16V,Combustão,A-9,D,73.0,23.0,A,,2.75,D,0.0,21.67,True
Picape,GWM,POER P30,TRL,2.4 - 16V,Combustão,A-9,D,73.0,23.0,A,,2.75,D,0.0,21.67,True
Picape,JAC,IEV330P,IEV330,Elétrico,Elétrico,A-1,E,,,A,,0.75,A,,,False
Picape,JAC,HUNTER,HUNTER AT,2.0-16V,Combustão,A-8,D,55.0,20.0,A,,2.84,D,0.0,0.0,False
Picape,JAC,HUNTER,HUNTER 4WORK,2.0-16V,Combustão,A-8,D,55.0,20.0,A,,2.84,D,0.0,0.0,False
Picape,JAC,HUNTER,HUNTER HD 4X4 AT C,2.0-16V,Combustão,A-8,D,55.0,20.0,A,,2.84,D,0.0,0.0,False
Picape,JAC,HUNTER,HUNTER HD 4X4 AT,2.0-16V,Combustão,A-8,D,55.0,20.0,A,,2.84,D,0.0,0.0,False
Picape,JAC,HUNTER,HUNTER HDX 4X4 AT,2.0-16V,Combustão,A-8,D,55.0,20.0,A,,2.84,D,0.0,0.0,False
Picape,JAC,HUNTER,HUNTER HD AT,2.0-16V,Combustão,A-8,D,55.0,20.0,A,,2.84,D,0.0,0.0,False
Picape,JAC,HUNTER,HUNTER HW AT,2.0-16V,Combustão,A-8,D,55.0,20.0,A,,2.84,D,0.0,0.0,False
Picape,JAC,HUNTER,HUNTER HW 4X4 AT,2.0-16V,Combustão,A-8,D,55.0,20.0,A,,2.84,D,0.0,0.0,False
Picape,JEEP,GLADIATOR,RUBICON,3.6-24V,Combustão,A-8,G,36.0,309.0,A,209.0,3.38,E,0.0,0.0,False
Picape,Mitsubishi,Triton,GL AT2,2.4-16V,Combustão,AT,D,41.0,91.0,A,,2.43,B,0.0,0.0,False
Picape,Mitsubishi,Triton,GLS AT2,2.4-16V,Combustão,AT,D,41.0,91.0,A,,2.43,B,0.0,0.0,False
Picape,Mitsubishi,Triton,GL MT4,2.4-16V,Combustão,MT,D,62.0,56.0,A,,2.34,B,0.0,3.33,True
Picape,Mitsubishi,Triton,GL AT4,2.4-16V,Combustão,AT,D,57.0,119.0,A,,2.6,C,0.0,0.0,False
Picape,Mitsubishi,Triton,GLS AT4,2.4-16V,Combustão,AT,D,57.0,119.0,A,,2.6,C,0.0,0.0,False
Picape,Mitsubishi,Triton,HPE AT4,2.4-16V,Combustão,AT,D,57.0,119.0,A,,2.6,C,0.0,0.0,False
Picape,Mitsubishi,Triton,HPE-S AT4,2.4-16V,Combustão,AT,D,57.0,119.0,A,,2.6,C,0.0,0.0,False
Picape,Mitsubishi,Triton,KATANA AT4,2.4-16V,Combustão,AT,D,57.0,119.0,A,,2.6,C,0.0,0.0,False
Picape,RAM,1500,LARAMIE,3.0T-24V,Combustão,A-8,G,20.0,121.0,A,216.0,3.5,E,0.0,0.0,False
Picape,RAM,1500,REBEL,3.0T-24V,Combustão,A-8,G,20.0,121.0,A,216.0,3.5,E,0.0,0.0,False
Picape,RAM,1500,LARAMIE NE,3.0T-24V,Combustão,A-8,G,20.0,121.0,A,216.0,3.5,E,0.0,0.0,False
Picape,RAM,RAMPAGE,REBEL AT GAS,2.0T-16V,Combustão,A-9,G,23.0,184.0,A,155.0,2.51,C,0.0,0.0,False
Picape,RAM,RAMPAGE,LARAMIE GAS,2.0T-16V,Combustão,A-9,G,23.0,184.0,A,155.0,2.51,C,0.0,0.0,False
Picape,RAM,RAMPAGE,RT GAS,2.0T-16V,Combustão,A-9,G,22.0,131.0,A,161.0,2.61,C,0.0,0.0,False
Picape,RAM,RAMPAGE,BIGHORN DS,2.2T-16V,Combustão,A-9,D,71.0,52.0,A,,2.3,B,0.0,18.33,True
Picape,RAM,RAMPAGE,LARAMIE DS,2.2T-16V,Combustão,A-9,D,71.0,52.0,A,,2.3,B,0.0,18.33,True
Picape,RAM,RAMPAGE,REBEL DS,2.2T-16V,Combustão,A-9,D,71.0,52.0,A,,2.3,B,0.0,18.33,True
Picape,RAM,DAKOTA,WARLOCK,2.2T-16V,Combustão,A-8,D,72.0,34.0,A,,2.66,C,0.0,20.0,True
Picape,RAM,DAKOTA,LARAMIE,2.2T-16V,Combustão,A-8,D,72.0,34.0,A,,2.66,C,0.0,20.0,True
Picape,TOYOTA,HILUX DIESEL 4X4 MT,CHASSI MT,2.8-16V,Combustão,M-6,D,73.0,57.0,A,,2.74,D,0.0,21.67,True
Picape,TOYOTA,HILUX DIESEL 4X4 MT,CABINE SIMPLES MT,2.8-16V,Combustão,M-6,D,73.0,57.0,A,,2.74,D,0.0,21.67,True
Picape,TOYOTA,HILUX DIESEL 4X4 MT,POWER PACK MT,2.8-16V,Combustão,M-6,D,73.0,49.0,A,,2.62,C,0.0,21.67,True
Picape,TOYOTA,HILUX DIESEL 4X4 AT,CHASSI AT,2.8-16V,Combustão,A-6,D,71.0,18.0,A,,2.82,D,0.0,18.33,True
Picape,TOYOTA,HILUX DIESEL 4X4 AT,CABINE SIMPLES AT,2.8-16V,Combustão,A-6,D,71.0,18.0,A,,2.82,D,0.0,18.33,True
Picape,TOYOTA,HILUX DIESEL 4X4 AT,POWER PACK AT,2.8-16V,Combustão,A-6,D,71.0,18.0,A,,2.82,D,0.0,18.33,True
Picape,TOYOTA,HILUX DIESEL 4X4 AT,SR AT,2.8-16V,Combustão,A-6,D,71.0,18.0,A,,2.82,D,0.0,18.33,True
Picape,TOYOTA,HILUX DIESEL 4X4 AT,SRV AT,2.8-16V,Combustão,A-6,D,71.0,18.0,A,,2.82,D,0.0,18.33,True
Picape,TOYOTA,HILUX DIESEL 4X4 AT,SRX AT,2.8-16V,Combustão,A-6,D,71.0,18.0,A,,2.82,D,0.0,18.33,True
Picape,TOYOTA,HILUX DIESEL 4X4 AT,SRX PLUS AT,2.8-16V,Combustão,A-6,D,71.0,18.0,A,,2.82,D,0.0,18.33,True
Picape,VW,AMAROK,V6 COMFORT (MY26),3.0 - 24V,Combustão,A - 8,D,80.0,33.0,A,,3.14,E,0.0,33.33,True
Picape,VW,AMAROK,V6 HIGH (MY26),3.0 - 24V,Combustão,A - 8,D,80.0,33.0,A,,3.14,E,0.0,33.33,True
Picape,VW,AMAROK,V6 EXTREME (MY26),3.0 - 24V,Combustão,A - 8,D,80.0,33.0,A,,3.14,E,0.0,33.33,True
Esportivo,BMW,M3,Competition,3.0 - 24V,Combustão,A-8,G,24.0,298.0,B,175.0,2.84,E,0.0,0.0,False
Esportivo,BMW,M3,COMP TRACK,3.0 - 24V,Combustão,A-8,G,24.0,298.0,B,175.0,2.84,E,0.0,0.0,False
Esportivo,BMW,M2,Coupe,3.0 - 24V,Combustão,A-8,G,21.0,209.0,A,172.0,2.79,E,0.0,0.0,False
Esportivo,BMW,M2,Coupe Track,3.0 - 24V,Combustão,A-8,G,21.0,209.0,A,172.0,2.79,E,0.0,0.0,False
Esportivo,FERRARI,296,GTB,3.0-24V,Plug-in,DCT-8,G,18.0,444.0,A,149.0,2.02,D,0.0,0.0,False
Esportivo,FERRARI,PUROSANGUE,--,6.5-48V,Combustão,DCT-8,G,21.0,222.0,A,302.0,4.88,E,0.0,0.0,False
Esportivo,FERRARI,12CILINDRI,--,6.5-48V,Combustão,DCT-8,G,16.0,409.0,A,255.0,4.14,E,0.0,0.0,False
Esportivo,FERRARI,12CILINDRI,SPI,6.5-48V,Combustão,DCT-8,G,17.0,413.0,A,270.0,4.28,E,0.0,0.0,False
Esportivo,FERRARI,296,GTS,3.0-24V,Plug-in,DCT-8,G,31.0,332.0,A,153.0,1.97,D,0.0,0.0,False
Esportivo,FERRARI,ROMA,SPIDER,3.9-32V,Combustão,DCT-8,G,18.0,208.0,A,186.0,3.01,E,0.0,0.0,False
Esportivo,FORD,Mustang Dark Horse,Dark Horse,5.0 V8 - 32V,Combustão,A-10,G,38.0,542.0,B,192.0,3.11,E,0.0,0.0,False
Esportivo,FORD,Mustang,GT AT,5.0 V8 - 32V,Combustão,A-10,G,35.0,591.0,B,186.0,3.02,E,0.0,0.0,False
Esportivo,MCLAREN,ARTURA,,3.0-24V,Plug-in,DCT-8,G,19.0,173.0,A,102.0,1.45,D,0.0,0.0,False
Esportivo,MCLAREN,ARTURA,SPIDER,3.0-24V,Plug-in,DCT-8,G,19.0,173.0,A,102.0,1.45,D,0.0,0.0,False
Esportivo,MCLAREN,750S,COUPE,4.0-32V,Combustão,DCT-8,G,58.0,260.0,B,214.0,3.46,E,0.0,0.0,False
Esportivo,MCLAREN,750S,SPIDER,4.0-32V,Combustão,DCT-8,G,58.0,260.0,B,214.0,3.46,E,0.0,0.0,False
Esportivo,Mercedes-Benz,AMG SL63S EP,,4.0-32V,Plug-in,A-9,G,13.0,233.0,A,171.0,2.27,D,0.0,0.0,False
Esportivo,Mercedes-Benz,AMG GT63S EP,2P,4.0-32V,Plug-in,A-9,G,16.0,244.0,A,199.0,1.77,D,0.0,0.0,False
Esportivo,Mercedes-Benz,AMG GT63S EP,,4.0-32V,Plug-in,A-9,G,13.0,273.0,A,201.0,1.96,D,0.0,0.0,False
Esportivo,MG,CYBERSTER,77 KWH AWD,Elétrico,Elétrico,A-1,E,,,A,,0.56,A,,,False
Esportivo,PORSCHE,911,CARRERA,3.0-24V,Combustão,DCT-8,G,12.0,52.0,A,173.0,2.8,E,0.0,0.0,False
Esportivo,PORSCHE,911,CARRERA C,3.0-24V,Combustão,DCT-8,G,12.0,52.0,A,173.0,2.8,E,0.0,0.0,False
Esportivo,PORSCHE,911,CARRERA S,3.0-24V,Combustão,DCT-8,G,18.0,59.0,A,175.0,2.84,E,0.0,0.0,False
Esportivo,PORSCHE,911,CARRERA SC,3.0-24V,Combustão,DCT-8,G,18.0,59.0,A,175.0,2.84,E,0.0,0.0,False
Esportivo,PORSCHE,911,GT3 MANUAL,4.0-32V,Combustão,M-6,G,25.0,93.0,A,237.0,3.86,E,0.0,0.0,False
Esportivo,PORSCHE,911,GT3 TOURMT,4.0-32V,Combustão,M-6,G,25.0,93.0,A,237.0,3.86,E,0.0,0.0,False
Esportivo,PORSCHE,911,GT3,4.0-32V,Combustão,DCT-7,G,25.0,79.0,A,227.0,3.69,E,0.0,0.0,False
Esportivo,PORSCHE,911,GT3TOURING,4.0-32V,Combustão,DCT-7,G,25.0,79.0,A,227.0,3.69,E,0.0,0.0,False
Esportivo,PORSCHE,911,CAR T MT,3.0-24V,Combustão,M-6,G,15.0,69.0,A,176.0,2.86,E,0.0,0.0,False
Esportivo,PORSCHE,911,CAR T MT 2,3.0-24V,Combustão,M-6,G,15.0,69.0,A,176.0,2.86,E,0.0,0.0,False
Esportivo,PORSCHE,911,CAR T MTCA,3.0-24V,Combustão,M-6,G,15.0,69.0,A,176.0,2.86,E,0.0,0.0,False
Esportivo,PORSCHE,911,TURBO S / TURBO S CA,3.6/24V,Hibrido,DCT-8,G,24.0,95.0,A,196.0,3.17,E,0.0,0.0,False
Esportivo,PORSCHE,BOXSTER,GTS4.0,4.0-24V,Combustão,DCT-7,G,18.0,67.0,A,175.0,2.84,E,0.0,0.0,False
Esportivo,PORSCHE,BOXSTER,25 ANOS,4.0-24V,Combustão,DCT-7,G,18.0,67.0,A,175.0,2.84,E,0.0,0.0,False
Esportivo,PORSCHE,CAYMAN,GTS 4.0,4.0-24V,Combustão,DCT-7,G,18.0,67.0,A,175.0,2.84,E,0.0,0.0,False
Esportivo,PORSCHE,PANAMERA,TPHEV,4.0-32V,Plug-in,DCT-8,G,4.0,13.0,A,29.0,0.96,C,0.0,0.0,False
Esportivo,PORSCHE,PANAMERA,TSEHY,4.0-32V,Plug-in,DCT-8,G,3.0,14.0,A,30.0,0.96,C,0.0,0.0,False
Esportivo,PORSCHE,TAYCAN,TURBO S,Elétrico,Elétrico,--,E,0.0,0.0,A,0.0,0.67,A,0.0,0.0,False
Esportivo,PORSCHE,TAYCAN,4S,Elétrico,Elétrico,--,E,0.0,0.0,A,0.0,0.69,A,0.0,0.0,False
Esportivo,PORSCHE,TAYCAN,4S BE,Elétrico,Elétrico,--,E,0.0,0.0,A,0.0,0.69,A,0.0,0.0,False
Esportivo,PORSCHE,TAYCAN,TURBOCT,Elétrico,Elétrico,--,E,0.0,0.0,A,0.0,0.69,A,0.0,0.0,False
Esportivo,PORSCHE,TAYCAN,4S CT,Elétrico,Elétrico,--,E,0.0,0.0,A,0.0,0.69,A,0.0,0.0,False
Esportivo,PORSCHE,TAYCAN,4CT,Elétrico,Elétrico,--,E,0.0,0.0,A,0.0,0.69,A,0.0,0.0,False
Esportivo,PORSCHE,911,CARRERAGTS,3.6-24V,Híbrido,DCT-8,G,33.0,85.0,A,173.0,2.8,E,0.0,0.0,False
Esportivo,PORSCHE,911,CAR GTS CA,3.6-24V,Híbrido,DCT-8,G,33.0,85.0,A,173.0,2.8,E,0.0,0.0,False
Esportivo,PORSCHE,911,SPIRIT 70,3.6-24V,Híbrido,DCT-8,G,33.0,85.0,A,173.0,2.8,E,0.0,0.0,False
Esportivo,PORSCHE,PANAMERA,4EHYB,2.9-24V,Plug-in,DCT-8,G,3.0,20.0,A,25.0,0.9,C,0.0,0.0,False
Esportivo,PORSCHE,PANAMERA,4SEHY,2.9-24V,Plug-in,DCT-8,G,4.0,24.0,A,25.0,0.93,C,0.0,0.0,False
